_id,book_id,t_book_id,book_title,book_pic,book_source,book_type,book_genre,special_desc,lang,update_status,is_preview,is_paid,read_count,collect_count,total,publish_at,tags,is_japanese_original,actors,episode_count,production_country,target_audience
6901b1f0e12f46f83f05026d,6901b1f0e12f46f83f05026d,140000000000000355,おかえりパパとママだよ,https://v-mps.crazymaplestudios.com/images/d28e08e0-d020-11f0-84ad-6b5693b490dc.jpg,1,1,1,"大学一年生の娘が、家族恒例の感謝祭を祝うために久しぶりに帰省する。
しかし、彼女は両親の様子がどこかおかしいことに気づいて…。",ja,1,0,1,39676,677,28,2025-11-04 18:53:03,サスペンス,False,,28,アメリカ合衆国,女性
6854d0b61cc7f0fc460aa3a1,6854d0b61cc7f0fc460aa3a1,140000000000000272,人を呪わば穴二つ,https://v-mps.crazymaplestudios.com/images/f7227eb0-5236-11f0-860b-97fc2eb1c6d9.jpg,1,1,1,"専業主婦カレン、夫のトムはお金持ちの弁護士だった。ある日カレンが外出中、自宅が火災に遭い、5歳の娘アンナが瀕死状態に陥った。
熱心な市民メアリーは消防隊長ボブの運転する消防車に同乗し、一刻も早いアンナを救急治療室に運び、手術を受けさせようとした。
その途中、消防車が浮気から帰宅途中のカレンの車に衝突した。カレンは「土下座して謝罪し」と要求した上、損害賠償を求めた。メアリーと救急救命士イヴ、さらに通行人までが車を動かすよう懇願したが、カレンは頑として応じなかった。
しかし、彼女は気づいていなかった──
この消防車が必死に運んでいるのは、まさに自分自身の娘の命だということに。",ja,1,0,1,589722,41038,31,2025-06-27 13:47:03,女性向けのドラマ|ドラマ|復讐|浮気|隣人|家庭主婦,False,,31,アメリカ合衆国,女性
684a3c59bf0dba6aa601c07a,684a3c59bf0dba6aa601c07a,140000000000000257,調停者,https://v-mps.crazymaplestudios.com/images/b8d66d40-4cd9-11f0-860b-97fc2eb1c6d9.jpg,1,1,1,妹が保険を失い命を落としたその日から、マッテオ・レオーネの人生は一変した。絶望の中で、彼は保険会社のCEOを殺害し、自らの手で“正義”を下す道を選ぶ。だが、これは単なる復讐ではなかった。保険弱者を食い物にする腐敗した制度を暴くため、マッテオは警察の追跡をかわしながら、次々と“メッセージ”を残していく。そしていつしか、沈黙を強いられてきた人々の希望の象徴となっていく――。,ja,1,0,1,291925,25647,39,2025-06-23 16:26:02,男向けのドラマ|復讐|モダン|守る夫|医者,False,,39,アメリカ合衆国,男性
686f5afe374f7f776f0f5956,686f5afe374f7f776f0f5956,140000000000000279,空飛ぶ修羅場,https://v-mps.crazymaplestudios.com/images/45f09be0-d021-11f0-84ad-6b5693b490dc.jpg,1,1,1,足を骨折しギプスを装着中のイヴは、ハワイで行われる兄の結婚式に出席するため、広めの座席を予約して飛行機に乗り込んだ。でも、機内で横柄な母親とそのわがままな息子に席の交換を強要される。飛行中に乱気流で転んだ息子を見た母親は「飛行機を引き返せ」と乗務員にクレームをつけ、騒ぎを起こした。ついに緊急着陸を余儀なくされる事態になった。その後駆けつけた母親の妹クララは、イヴを「婚約者の愛人」だと激しく糾弾したが、実はイヴは婚約者の実妹だった。この大騒動で結婚式は中止となり、クララは航空機内での暴行罪で逮捕される羽目になった。,ja,1,0,1,3769205,86859,42,2025-07-16 15:44:02,復讐,False,,42,アメリカ合衆国,男性|女性
68d2060f4d6ba943670b0645,68d2060f4d6ba943670b0645,140000000000000334,偽りのルナと運命のつがい,https://v-mps.crazymaplestudios.com/images/b84a4220-9dd3-11f0-a06b-bdb674869ea1.jpg,1,1,1,彼は彼女を救うため、残忍な父を殺した。新たなアルファキングとなった彼は、運命のメイトを生かすため、彼女の存在を隠し、偽りのルナを身代わりに立てることを余儀なくされる。しかし、彼が戦いで不在の隙に、彼女は偽りのルナに発見され、残虐な拷問にかけられてしまう。果たして彼女は、アルファキングが帰還し復讐を遂げるまで、生き延びることができるのだろうか？,ja,1,0,1,38074,489,45,2025-10-13 15:30:02,復讐,False,,45,アメリカ合衆国,女性
683fc14255a5ba21da0e3257,683fc14255a5ba21da0e3257,140000000000000248,血塗られた花嫁 ～ 愛は狂気に染まる～,https://v-mps.crazymaplestudios.com/images/dfc13df0-45c6-11f0-860b-97fc2eb1c6d9.jpg,1,1,1,メアと婚約者のニックは貧乏であるが愛を持っている。孤児として育ったメアは、自分の家族がいない分、ニックの家族に囲まれた結婚式を夢見ていたが、ニックは疎遠になった家族のことを話そうとしない。そんな中、ニックの母親が突然現れ、メアを裕福で謎めいたソーンウッド家へと温かく迎え入れる。さらに、彼女はソーンウッド家の豪邸での結婚式を提案する。しかし、式当日の朝、恐ろしい真実がメアの夢を打ち砕き、彼女は「幸せな結婚式」どころか、ソーンウッド家の暗い歴史に翻弄される悪夢へと足を踏み入れようとしていることに気づく——そして、その結末は彼女の命を奪うかもしれない。,ja,1,0,1,1227079,40774,48,2025-06-11 15:12:03,女性向けのドラマ|悪女ヒロイン|モダン|身分を隠せ|秘密|ストロングウィル,False,Grace Swanson|Cameron Somers,48,アメリカ合衆国,女性
683555d81e10c5078109db7f,683555d81e10c5078109db7f,140000000000000238,私を捨てた消防士が今や大富豪！？,https://v-mps.crazymaplestudios.com/images/96e59980-40f5-11f0-b65a-27549cd2a91e.jpg,1,1,1,アーチャーはアリスとの結婚式に姿を現さなかった――消防任務中の爆発で命を落としたという噂が流れる。悲しみに暮れるアリスをよそに、欲深い両親は彼女を嫌な男フィリップに嫁がせようとする。新たな結婚式の日、アリスはついにアーチャーと再会するが、彼は別の女性と婚約していた――。,ja,1,0,1,2477101,50681,51,2025-06-04 16:05:01,女性向けのドラマ|二度目のチャンス|モダン|三角関係|復讐|再会|相続人/社会人|インディペンデント・ウーマン,False,Richard Sharrah,51,アメリカ合衆国,女性
6891d5baab41bb6d890f74c6,6891d5baab41bb6d890f74c6,140000000000000298,お前は天才外科医を解雇した,https://v-mps.crazymaplestudios.com/images/2f074a60-767a-11f0-a06b-bdb674869ea1.jpg,1,1,1,国で最も名高い外科医エイドリアン・マークスマンは、上司の息子に解雇される。彼はライバル病院の才気あふれる野心家ヴィヴィアン・ハートと手を組み、元の病院は経営破綻に追い込まれる。プレストンが優秀な医師を切った代償に気づいた時には、もう遅かった…,ja,1,0,1,181389,1417,51,2025-08-12 15:23:30,カムバックストーリー,False,Cameron Somers,51,アメリカ合衆国,男性
67b29b077d337cf4930211f0,67b29b077d337cf4930211f0,140000000000000176,偽装結婚は恋の始まり,https://v-mps.crazymaplestudios.com/images/da30f490-f31c-11ef-a38f-0d66b56fc320.jpg,1,1,1,命の恩人アライナに秘かな想いを寄せる大実業家ウィリアム。甥のジェイソンと婚約したアライナとの距離を保とうとするも、ジェイソンの裏切りで婚約は破談に。認知症の祖母の願いを叶えるため、アライナはウィリアムに1年限定の偽装結婚を持ちかける。表向きは契約婚だが、少しずつ芽生えるのは本物の愛——。,ja,1,0,1,3188197,63375,52,2025-02-25 20:45:04,女性向けのドラマ|悪女ヒロイン|モダン|身分を隠せ|とぼける|タブー|億万長者|インディペンデント・ウーマン,False,J.J. Michaels|Hannah Lowery,52,アメリカ合衆国,女性
67d783bf58f79dd7d108992c,67d783bf58f79dd7d108992c,140000000000000186,切ない愛を終らせて,https://v-mps.crazymaplestudios.com/images/4b646dd0-03cc-11f0-a38f-0d66b56fc320.jpg,1,1,1,ガン宣告を受け余命三ヶ月と告げられたキャロラインの前に、夫エリックの元恋人ステイシーが6歳の子供を連れて現れる。その子はエリックの子だという。裏切りを重ねるエリックに対し、キャロラインは絶望の中で離婚を決意する。彼女がいない生活が始まって初めて、エリックは失った愛の大きさと彼女の病気の真実を知る。しかしもう遅い。キャロラインは最後の日々を彼を愛することに費やすつもりはなく、自分自身のために生きることを選んだのだ。,ja,1,0,1,3987883,40715,52,2025-03-19 16:17:02,女性向けのドラマ|中毒性がある恋愛|モダン|離婚後の愛|三角関係|あまりに遅すぎる|家庭主婦,False,Abigail Stanton,52,アメリカ合衆国,女性
67ea30c546ee7e7ada061311,67ea30c546ee7e7ada061311,140000000000000198,サレ夫の逆襲,https://v-mps.crazymaplestudios.com/images/0f44b440-0f70-11f0-a38f-0d66b56fc320.jpg,1,1,1,世界一の富豪であるニックは、妻ベラと慎ましい生活を送っていた。しかし、彼が自身の正体を明かし、莫大な富と権力をベラと分かち合おうとした矢先、衝撃の裏切りが明らかに。ニックはベラが自分を愛していたのは本心ではなく、別の目的があったと知る。傷心のニックは、もうひとりの女性エレナと出会った。富と権力に執着しないエレナを選んだニックに対し、ベラは深い後悔に苛まれる。,ja,1,0,1,4521710,41788,52,2025-04-02 18:00:04,男向けのドラマ|カムバックストーリー|モダン|多重アイデンティティ|離婚後の愛|人違い|ロイヤル/貴族|元帥/将軍,False,,52,アメリカ合衆国,男性
68d6173ecea0f35b1009516b,68d6173ecea0f35b1009516b,140000000000000337,出生時にすり替えられた令嬢？,https://v-mps.crazymaplestudios.com/images/92d85120-9c67-11f0-a06b-bdb674869ea1.jpg,1,1,1,親友二人が同じ日に出産する。貧しいエディスは自分の娘に贅沢な人生を送らせようと、密かに社長である友人の赤ん坊と自分の赤ん坊をすり替える。しかし、彼女が予想していなかったのは、社長が全てを見抜いており、密かに赤ん坊を元に戻していたことだった。18年後、エディスの計画が成功間近に迫ったまさにその時、彼女は衝撃の真実を知る。長年虐待してきた方が、彼女の実の娘だったのだ。,ja,1,0,1,1617320,25025,52,2025-10-01 16:40:03,復讐,False,,52,アメリカ合衆国,女性
665e400dd9de5760ea05e1be,665e400dd9de5760ea05e1be,140000000000000016,さようなら、私のCEO,https://v-mps.crazymaplestudios.com/images/ddae312e49cafd8b.jpg,1,1,1,ジェームス・ナイトがあなたの上司です。セクシーでリッチ、そして完全に立ち入り禁止。彼とデートするとあなたのキャリアが台無しになるかもしれませんが、彼を愛すると確実にあなたの心は傷つきます。なぜなら、自分が何かを望んでいるのに、それを決して手に入れることができないと知ることより悪いことがあるでしょうか?,ja,1,0,1,160405,948,52,2024-06-06 15:36:35,タブー|お涙ちょうだい|オフィスラブ|億万長者|無邪気な乙女|コンテンポラリー|トキシック|女性向けのドラマ|Maryana Dvorska|Kasey Esser,False,Kasey Esser,52,アメリカ合衆国,女性
67847aee5c7f2734a10bb3a6,67847aee5c7f2734a10bb3a6,140000000000000157,嘘の恋人 〜週末限定ラブゲーム〜,https://v-mps.crazymaplestudios.com/images/578318f0-d7d5-11ef-a54e-99edf5fd5287.jpg,1,1,1,エマとリアムは一夜を共に過ごしたが、翌朝リアムが何の説明もなく姿を消し、二人の関係は突然終わりを迎えた。それから半年後、エマの妹の結婚式で二人は再会した時、リアムは新郎の付添人だった。解決されない感情が再び押し寄せる中、エマは元カレを遠ざけるために、週末だけリアムと偽りの恋人関係を演じることを決める。,ja,1,0,1,2844329,43079,53,2025-01-21 11:29:02,女性向けのドラマ|二度目のチャンス|モダン|偽りの恋人|再会|ワンナイトラブ|ストロングウィル,False,,53,アメリカ合衆国,女性
669a07a8f6e32dc509077727,669a07a8f6e32dc509077727,140000000000000036,また愛し合える日が来る,https://v-mps.crazymaplestudios.com/images/8e72f72b2b230f7a.jpg,1,1,1,あなたはノアプレストンが大好きだったが、彼が貧しく、何も持っていなかったときに、彼と別れた。5年後、彼は億万長者となり、あなたの会社を買収し、あなたの人生を生き地獄に陥れようとしている。別れた本当の理由を彼に話すのか、それとも恋のやり直しはもう遅い？,ja,1,0,1,890221,10060,53,2024-08-02 19:53:05,復讐|二度目のチャンス|お涙ちょうだい|億万長者|インディペンデント・ウーマン|コンテンポラリー|スイート|女性向けのドラマ|Alena Savostikova|Seth Edeen,False,Seth Edeen,53,アメリカ合衆国,女性
6697b5895ec386c1bf0932c5,6697b5895ec386c1bf0932c5,140000200000000001,元彼のお父さんとの子供を妊娠,https://v-mps.crazymaplestudios.com/images/23ca2830-5e15-11ef-838e-777d81c2a9c7.jpg,1,2,1,ルシアの利己的なボーイフレンドが彼女を信じていないという理由で物事を終わらせた後、彼女は彼が間違っていることを証明すると誓う。最高の外科研修医になると決意した彼女は仕事に身を投じる。そして研修医の監督であるソーヤー・キャンベル医師の下で、無慈悲な有名外科医、驚くべき赤ちゃんのパパ、そして何よりも最悪なのは元彼の父親だ。,ja,1,0,1,471243,8556,0,2024-07-25 11:31:27,妊娠|医療ドラマ|年齢差|タブー|禁じられた|女性向けのドラマ|スイート|コンテンポラリー,False,Moriah Boone,0,アメリカ合衆国,女性
67e0c6621e8d3e9fec0220ef,67e0c6621e8d3e9fec0220ef,140000000000000185,二度目の初恋,https://v-mps.crazymaplestudios.com/images/683af8e0-0ae1-11f0-a38f-0d66b56fc320.jpg,1,1,1,大学時代に運命的な恋に落ちるも、誤解によって別れてしまったベラとアダム。数年後、医者として成功したベラの前に、NHLのスター選手となったアダムが彼女の助けを求めて姿を現す。偽装カップルの契約を結ぶ二人だが、共に過ごす日々の中で、眠っていた感情が再び目覚めていく。二度目のチャンスが、彼らに永遠の幸せをもたらすのか。,ja,1,0,1,4415899,53749,54,2025-03-27 18:08:02,女性向けのドラマ|甘いロマンス|モダン|偽りの恋人|契約の恋人|学園ハンサム|医者,False,Rebecca Stoughton|Jordan Roy Frank,54,アメリカ合衆国,女性
67ea0b242f4d01a1f404c2d7,67ea0b242f4d01a1f404c2d7,140000000000000199,相続者の華麗なる帰還,https://v-mps.crazymaplestudios.com/images/a2bcd960-1032-11f0-a38f-0d66b56fc320.jpg,1,1,1,正体を隠す御曹司ヘクター。告白の直前、彼は事故により昏睡状態に陥った。恋人アリスの３年間の愛だけを道標に、彼は微かに意識の岸辺へと漕ぎ出す。だが、そこには巧妙に仕組まれた絶望の罠が…。指先でベルを鳴らすことしかできぬ彼が、全てを覆せるのか？——愛する者を守るため、電話一本に託された、予測不能の逆転劇を見届けよ。,ja,1,0,1,4124322,37848,54,2025-04-03 16:57:03,男向けのドラマ|カムバックストーリー|モダン|身分を隠せ|とぼける|ロイヤル/貴族|ストロングウィル,False,,54,アメリカ合衆国,男性
681d6b64ac0e0dc6070023f0,681d6b64ac0e0dc6070023f0,140000000000000225,お兄ちゃんの親友と恋しちゃダメですか？,https://v-mps.crazymaplestudios.com/images/85046d80-2fa3-11f0-93de-cb0b88a6d7a9.jpg,1,1,1,大学進学を機に、高校時代からの彼氏と同棲を始めたケイトリン。ところが引っ越し初日、彼の浮気現場を目撃！家を飛び出した彼女が転がり込んだのは…実の兄のアパート。しかもそこにいたのは、ケイトリンが昔こっそり想いを寄せていた、兄のイケメン親友・コールだった！同居生活をきっかけに再燃する初恋。だけど2人の恋路には、元カレカノの執着・学内の意地悪女子、そして何より“兄バリア”が立ちはだかる――！,ja,1,0,1,6944114,147407,54,2025-05-13 17:34:02,女性向けのドラマ|ヤングアダルト|モダン|初恋|学園ロマンス|年齢差|幼馴染みの恋人|学生,False,Maria Barseghian|Chris Quartuccio,54,アメリカ合衆国,女性
68ae5c47491efec5de075cac,68ae5c47491efec5de075cac,140000000000000315,裏切りと変身～お嬢様をナメるな！~,https://v-mps.crazymaplestudios.com/images/3d8eb1f0-87a9-11f0-a06b-bdb674869ea1.jpg,1,1,1,ベラ国一番の大富豪、ワトソン家の継承者でありながら、計算高い二世セレブ達に囲まれる日々に嫌気がさしていた。そんな中、彼女は同じぽっちゃり系のマークに恋を落ちた。彼がありのままのベラを愛していると信じた彼女は素性を隠して、彼の為に全てを捧げて、ハーバードへの入学さえ手配してあげた。しかし、裏切りは彼女を痛かった。ベラは、クラスメートのいじめっ子ジェシーと浮気をしていた。それだけでなく、マークはワトソンの跡継ぎと名乗り、学校の人気者になろうとしていた。ベラは自分の体型を受け入れて、きっぱりと彼と別れた。いじめっ子らに囲まれる中、ベラは見事に反撃できるだろうか？,ja,1,0,1,205916,1339,54,2025-09-02 12:06:03,ヤングアダルト,False,,54,アメリカ合衆国,女性
