_id,name
6348f5093c6ca761764d8602,再会
6348f5093c6ca761764d85f3,とぼける
64b728b5841bd422df2bc0d7,タイムトラベル
65b1703b3f57499efd05760d,済度
64ba065845b1a25bea0e21c0,刑務所
65a99b133daa5df28a032b24,ハーレム
65bbfb570ffb841ca6002ad3,不老不死
65bbfb5ef2f9ff8d60008103,元帥/将軍
66124bba32b773444c060974,女性向けのドラマ
66124bba32b773444c060979,トキシック
66124bba32b773444c06099d,Brittany Marsicek
661a00f5814d19792c0300b9,無邪気な乙女
66261ddb7503722c730f3b02,Molly Jass
6600ed8666c3e0a88700c95e,契約の恋人
66124bba32b773444c0609ae,Samantha Drews
66124bba32b773444c0609bf,ワンナイトラブ
66124bba32b773444c0609c3,妊娠
66124bba32b773444c0609c9,身分を隠せ
66124bba32b773444c0609d0,幼馴染みの恋人
66124bba32b773444c0609d1,学園ロマンス
66124bba32b773444c0609d5,二度目のチャンス
66124bba32b773444c0609d7,逆ハーレム
661a177b4aec95cb3e017f33,Julia Lynn Clarke
661f6b103166ec905301dbbd,時代劇
66261e10c74daf819002bfb4,Britney Rae Carrera
66124bba32b773444c06097b,Noah Fearnley
66124bba32b773444c060981,Seth Edeen
66124bba32b773444c06098e,Jarred Harper
66124bba32b773444c0609a4,Payton Morelli
66124bba32b773444c0609a5,Maryana Dvorska
66124bba32b773444c0609c2,健忘症
66124bba32b773444c0609cc,スピード婚
66136413ea4ba93a15090f32,相続人
661a394c9cf7fb50dd0bcf53,家庭主婦
66124bba32b773444c060975,男向けのドラマ
66124bba32b773444c060982,Lorenzo Brunetti
66124bba32b773444c0609a9,Avery Lynch
66124bba32b773444c0609db,インディペンデント・ウーマン
6613884a527ff82766042e39,年齢差
66124bba32b773444c06097c,Richard Sharrah
66124bba32b773444c0609c5,ラギッドCEO
66124bba32b773444c0609da,相続人/社会人
66124bba32b773444c060976,悪女ヒロイン
66124bba32b773444c06098f,Kasey Esser
66124bba32b773444c0609a2,Grace Swanson
66124bba32b773444c0609b9,狼男
65e7a9acbf074c750207709e,スーパーパワー
6600da16c2888abefc0e7a62,ロマンス
66124bba32b773444c060978,立身出世
66124bba32b773444c06099e,Maria Barseghian
66124bba32b773444c0609b2,マフィア
66124bba32b773444c0609be,お涙ちょうだい
66124bba32b773444c0609cd,転生
66124bba32b773444c0609d6,三角関係
66261e1ca64c97460c0a204d,Alexander Trumble
66124bba32b773444c060990,John William DiCaro
66124bba32b773444c0609bb,婿
66124bba32b773444c06098b,Noam Sigler
66124bba32b773444c0609c4,転生
66124bba32b773444c0609c7,不可思議
66124bba32b773444c0609c8,多重アイデンティティ
66124bba32b773444c0609b1,コンテンポラリー
66124bba32b773444c0609b6,億万長者
66124bba32b773444c0609b7,龍
66124bba32b773444c0609d3,ラブコメ
6622f2069d6c5222310fe028,楽天的
66124bba32b773444c06099a,Alena Savostikova
66124bba32b773444c0609cb,イケオジ/ディルフ
66124bba32b773444c0609d2,天才ベビー
66124bba32b773444c0609a6,Daniela Couso
66124bba32b773444c0609aa,Autumn Noel
66124bba32b773444c0609ab,Candace Mizga
66124bba32b773444c0609ce,復讐
66124bba32b773444c0609d9,守る夫
661a446f77cbb6a10604acf8,犯罪組織の親玉
66124bba32b773444c0609ca,スラング
66124bba32b773444c06097a,Roman Chsherbakov
66124bba32b773444c0609b3,ファンタジー
66124bba32b773444c0609b4,結婚後の恋愛
66124bba32b773444c060977,スイート
66124bba32b773444c060998,Ashley Michelle Grant
66124bba32b773444c0609bc,オフィスラブ
66124bba32b773444c0609d8,運命の恋人
661a239e9fd206547c0638fd,Freddy Piazza
66261f4446ea1c4f810f5f08,Levi Peterson
66124bba32b773444c0609bd,タブー
66124bba32b773444c0609c1,敵から恋人へ
66124bba32b773444c0609cf,友達から恋人へ
66124bba32b773444c0609d4,離婚後の愛
66511c7520234bd4410e4cc7,医療ドラマ
667e320e4a6ef7ea6a0487b3,多重アイデンティティ
666e9189ba32167b060b9b37,モブキャラ
666e9210c11bcd0d2f0f95d7,偽りの恋人
667bde38f8690a91f7072962,モンゴロイド
6681a6a8d5599ce1130a0c60,大統領の政治とロイヤル
666c18c08dac6fedb60451b6,学園ハンサム
666eac2a07fae4d6510c7062,家族ドラマ
667a808817af2634e905668c,人違い
667a83680ffb9021ed08ba4f,ビジネス
662c258f47f2c9076403ca54,相続人/名士
66728210e2c2e3255f0c0ffb,コメディ
66817c8f10e858f2ca0f782e,サバイバル
666c0b88bed1b9daf008792c,隣人
666c181c4c371040ef046799,運動選手
6672c61cecd5e75ba00b4f43,友情
668100df9ada19fc9402a4db,成人式
667a859d8bd22718640dda2f,迷子
668ce06678442d3f920dec17,フィール・グッド
662a23ad788dfd2cc904e2bb,グループのお気に入り
668b88ce23a35361e101f424,入れ替わり
669f977a9cd11175a80c949a,甘いロマンス
668cbd80c7d6b732ea0b78ec,ロイヤル/貴族
6629c81aac8a30834b013ad8,ホラー
666c0d5b5aa55bf1c3057485,義理の兄弟姉妹
666e9036813d778e9a0677b3,ストロングウィル
66276409a5dfc28ed10b5ee0,カムバックストーリー
6638866635ed2242b707f1b5,仕事
666c0be8d0358e8375064445,あまりに遅すぎる
666c168ac86271ec38046925,聖なる親族
6672a59ba312fd3d130cbad6,ファミリー
668f790f38ddc4e2f50e07d9,セレブリティー
662dc4b3c6eca4d47f045e55,バック・イン・タイム
66305ab3ca99ed2afa098344,悪女ヒロイン
666c1756f03f10b9120e8b2c,シングルファーザー
666ea34bb18a32eb130e3e6c,キャンパス
666c0f5fe1d5b13c5404d822,ハートフェルト
667283220469220c7e074be6,ドラマ
66388a4864de75848f00126b,中毒性がある恋愛
668175f51d04e375f40ba742,LGBT
66261f7ca5dfc28ed10b5e6c,Alec Badalov
662b64c98ec34b5b2f0adc3f,スーパーウォーリアー
6672a5189f454e0d3f0d1bd5,サスペンス
6672a53b88997532b102f4ad,スリラー
667e358855f440f6d00c77ee,浮気
66970c2fc09450d5a6080a20,ヤングアダルト
6697b2ab89d644e4c806edb3,禁じられた
66c4382b1693b4acbc099df1,外科医
66e3bd074f634c145f064283,兵士
66e4f1a71b70f4540b05edf9,Reality Show
66f37552b9a1245f290b7530,ダークロマンス
66fb58cdea5d49b86b05f70f,店員
674ff10a4e258dbc6d01e06b,隠された気持ち
674ff141ec5f4d4a59008dcd,モダン
674ff159f9949765330daf09,事業主
674ff170cc8c3cbebe01e34a,ダンサー
674ff1b28781637b1104fa4d,Aaron Oberst
674ff1e6a2f80b94ef08fc16,Jessica Jacoby
67525ca75dc67bc7ba0ce69f,日本オリジナル
676a252530883454a602b9b8,医者
67905961038a6c450d001a36,Evan Wick
67c01a3cf99c85674e084bdc,カウボーイ
67c01ad580d3eb697c0d2c72,学生
67c01b159e502c9ef1043bf5,プレイボーイ
67c01bc081cab3dd780c1513,初恋
67c01bf74c125357d8055b32,俳優/女優
67dcd5aebbf6e5196406213a,一目惚れ
67dcd6051dfa4b52ff00dbd5,強烈な性的緊張
67dcd650ae0a33e2be0d6d31,シングルマザー
67dcd69ad82f303ddd0b9c03,シングルファーザー
67ecdde8d5a70df45d070ae0,愛憎
67ecde1e0a7a9ffb950bf299,官能小説
682ad3e9205234f7520c1db0,会社員
682ad401bc96207c2b05c007,秘密
6855d61ab1921aa93100bb2c,サスペンス
