book_id,t_book_id,book_title,read_count,collect_count,chapter_count,release_date,special_desc,tags,lang,book_source,cover_url,status
65a8cec883959aedd8001107,200000000000000045,The Double Life of My Billionaire Husband,503652008,14502818,0,2024-01-18,"It was supposed to be an emotionless contract marriage and nothing more. But Sebastian couldn't resist growing a soft spot for Natalie. With her family planning her downfall and her estranged husband cooking up a deadly plan, what should Natalie expect? The Double Life of My Billionaire Husband trailer has a lot to reveal.",Love After Marriage|Hidden Identity|Protective Husband|Billionaire|Contemporary|Sweet|Female|Avery Lynch|Jarred Harper|Innocent Damsel,en,1,,
647ffff5be685964fe120217,200000000000000011,Fated to My Forbidden Alpha,205752045,3719574,0,2023-06-07,"In Fated to My Forbidden Alpha movie, on her 18th birthday, Selene found out that her mate was her nemesis, Alpha Jackson. He plans on rejecting her. Selene never planned on accepting him as her mate. He didn't know she wasn't any wolf but a Luna, kidnapped and mistaken for a regular wolf. As Selene plans on escaping her pack, she meets Alexander, her fated mate.",Fantasy|Fated Lovers|Hidden Identity|Werewolf|Sweet|Female|Autumn Noel|Innocent Damsel|Kasey Esser|John William DiCaro|Young Adult,en,1,,
658ede55d7ffb9c594044a25,200000000000000035,Snatched a Billionaire to be My Husband,185784362,2785263,0,2023-12-29,What happens when you fall in love with your ex's uncle?!,One Night Stand|Taboo|Protective Husband|Billionaire|Innocent Damsel|Contemporary|Sweet|Female|Grace Swanson|Jarred Harper,en,1,,
6807565447c113d594077ca8,200000000000000231,My Stepbrother's Dirty Secret,162963454,1851755,0,2025-04-22,"In My Stepbrother's Dirty Secret movie, Alice transfers to St. Mary's High School after her mom remarries a millionaire--only to butt heads with James, a hot classmate who turns out to be her new stepbrother! Will Alice and James learn to get along? Or will their irresistable chemistry turn into something else?",Female|Young Adult|Modern|Step Siblings|Redemption|Campus Romance|Student|Jock,en,1,,
68b9292947761f335e0a7b74,200000000000000329,I Had a Baby without You,137739503,2228577,0,2025-09-04,"Five years ago, curvy waitress Scarlett saved Brandon's life and spent one unforgettable night of passion with him before vanishing. Now she's back, slimmed down and unrecognizable, and he's the reclusive CEO who unknowingly fathered her daughter.",Sweet Romance,en,1,,
6807570bacbfcb9dcc0c9bb4,200000000000000239,Swallow Me Whole,131142917,1622576,0,2025-04-22,"<p>Swallow Me Whole is based on the novel by Gemma James, published by Tapas Entertainment and Radish.</p>
<p>I need to know how to blow a guy. Ashton Levine is my best friend's brother and totally off-limits... until one reckless night under a bar table changed everything. The rules of him being my sex tutor are simple: No kissing. No screwing. No falling in love. But the more I use my body in the name of experimentation, the more I know being friends isn&rsquo;t enough. Is it too much to want ",Female|Erotica|Modern|Friends to Lovers|Hidden Feelings|Love Triangle|Heiress/Socialite,en,1,,
68239ae8c85961939e012759,200000000000000245,How to Dump a Hockey Star,128289120,1810132,0,2025-05-14,"In How to Dump a Hockey Star movie: After leaving behind her life as a billionaire heiress, Renee dedicates herself to helping her husband recover from a vegetative state and pursue his NHL dreams. However, after suffering a devastating miscarriage, she is faced with a brutal truth: the man she sacrificed everything for might have chosen someone else.",Female|Strong Heroine|Modern|Hidden Identity|Love Triangle|Independent Woman|Athlete,en,1,,
65b41d423be9855a620121cd,200000000000000036,We Will Love Again,123397156,2285925,0,2024-01-27,"Noah Preston returns as a billionaire after six years of being away, and his fiance breaking up with him because he was poor in We Will Love Again Movie. Noah didn't know that his fiance did not mean to break up, but his mother pressurized her into doing it. He sought revenge against her until he found out the truth.",Revenge|Second Chance|Tear-Jerker|Billionaire|Independent Woman|Contemporary|Sweet|Female|Alena Savostikova|Seth Edeen,en,1,,
6858f98983761bd35a005ddd,200000000000000279,The Reckoning Takes Flight,108755986,2718132,0,2025-06-23,"Eve takes a flight to Hawaii to attend her big brother's wedding, booking an extra-wide seat because of her broken leg in a cast. A nasty woman and her bratty son demand Eve switch seats with them. The kid trips because of turbulence, his mom demands the flight turn back and fights the pilots, forcing an emergency landing. The mom's sister, Clara, shows up to back her up. Clara accuses Eve of being her fiancée's mistress, not realizing that she's her fiancée's little sister. The wedding is cance",Revenge,en,1,,
67f06dbaaaee64943c0b5240,200000000000000208,Kidnapped by the Devil,91787646,964190,0,2025-04-05,"In Kidnapped by the Devil movie, when a ruthless arms dealer kidnaps a bride after her fiancé fails his test of love in a deadly game of Russian roulette, she finds herself torn between her moral principles and her growing attraction to the dangerous man who will stop at nothing to make her his.",Female|Toxic Love|Mafia|Enemies to Lovers|Revenge|Love-Hate,en,1,,
64596abc36c69c470e326454,200000000000000008,Never Divorce a Secret Billionaire Heiress,89998596,1651313,0,2023-05-09,"In Never Divorce A Secret Billionaire Heiress movie, Joyce has been a walking blood bank for her sister, Selena. It was the price she had to pay for forcing Tristan into marrying her. Joyce realized herself when she lost her baby and got no support or care from her husband. Now, the heiress wants a divorce.",Love After Divorce|Love Triangle|Hidden Identity|Billionaire|Heiress/Socialite|Contemporary|Strong Heroine|Female|John William DiCaro|Freddy Piazza|Candace Mizga,en,1,,
677db51b4b143c5a8007f0f1,200000000000000162,You Fired A Tech Genius,84941206,632899,0,2025-01-08,"After Erik, the biggest tech hotshot in all of Silicon Valley, gets sacked by his CEO's son William, he joins forces with Evelyn, the beautiful CEO of his old company's competitor. This causes his former employer to go bankrupt, and when William realizes he's fired the wrong guy, it's already too late...",Male|Comeback Story|Contemporary|Hidden Identity|Playing Dumb|Business,en,1,,
654e1d538b7ca93fd101f48c,200000000000000025,True Luna,82578752,1064815,0,2023-11-10,"In True Luna movie, Emma is a powerful wolf known as the true Luna. Her kind is rare. When she got her wolf, a warning came along with it. Emma will be in danger soon as the rogue king is after her. Her joy of getting a wolf and finding a mate is torn when her mate rejects her.",Fantasy|Hidden Identity|Fated Lovers|Werewolf|Female|Grace Swanson|Nicholas Rodriguez|Strong Heroine|Independent Woman|Young Adult,en,1,,
67ec430800e09545a501247d,200000000000000205,Submitting to My Ex's Dad,80806433,672000,0,2025-04-02,"In Submitting to My Ex's Dad movie, after catching her fiancé cheating with her best friend just before their wedding, Flora runs away and has a wild one-night stand with a handsome stranger. Little does she know he's her ex-fiancé's father, and he has a dark secret. Will she surrender to the heat—or is it time to run again?",Female|Modern|Age Gap|Taboo|Billionaire|Innocent Damsel|Hot Daddy/DILF,en,1,,
68c23465c69194e17d0d5f0d,200000000000000337,Was the Heiress Switched at Birth?,75658602,1218841,0,2025-09-11,"In Was the Heiress Switched at Birth movie, on the same day, two best friends give birth. But Edith, born into poverty, secretly swaps her baby with her CEO friend’s—hoping to give her daughter a life of luxury. What she doesn’t expect is that the CEO sees everything and quietly switches the babies back. Eighteen years later, just as Edith’s plan is about to succeed, she discovers the shocking truth: the daughter she’s mistreating all these years is her own.",Revenge,en,1,,
67d20e7142a6a326b70b32b3,200000000000000195,Pregnant and Spoiled by the Billionaire,68615173,577185,0,2025-03-13,"In Pregnant and Spoiled by the Billionaire movie, Amelia is a hard-working Junior in College. In order to pay rent, she needs to find work. Her roommate got her a job at a local bar, but her first night on the job took a dark and twisted turn. Her roomate drugged her and pimped her out to a customer for the night. But at a critical moment in the night, Leo saved Amelia from being trafficked. After a night of passion, Amelia became pregnant with Leo's baby, but Leo thinks she's a gold digger. Whe",Female|Sweet Romance|Modern|Fake Relationship|Love Triangle|Affair|Billionaire|Student,en,1,,
6923bbb1bc38afa96f0f43c5,200000000000002394,Once Upon A Breakup,64271592,727081,0,2025-11-24,"In Once Upon A Breakup movie, after being abandoned on her birthday by her college boyfriend, Mia impulsively proposes to Carson, the charming but dangerous leader of the Moretti crime family. Though their relationship begins as a rash escape, it quickly turns into something real. But Mia’s ex refuses to let go. Obsessed, jealous, and spiraling out of control, he’ll stop at nothing to win her back, even if it means destroying the new life Mia’s trying to build with Carson. However, Mia isn’t loo",Strong Heroine,en,1,,
679423dff9a4ac9055018cfe,200000000000000176,"Uncle William, Please Say I Do!",60628182,401234,0,2025-01-25,"After Alaina saves powerful businessman William from a near-fatal car accident, he gives her a promise. Months later, William finds her at his nephew Jason's engagement party—only to discover she's Jason’s fiancée. Though he hides his feelings, William gifts her a family heirloom. When Jason betrays her, Alaina breaks off the engagement. With her grandmother's Alzheimer’s worsening and a wedding wish unfulfilled, Alaina asks William to marry her in a secret one-year contract. William sees this a",Female|Modern|Taboo|Billionaire|Sweet Romance,en,1,,
680755cdaf8e465a6c0e8e91,200000000000000225,I'm In Love With My Brother's Best Friend?!,60136909,601093,0,2025-04-22,"<p>I'm In Love With My Brother's Best Friend?! is based on the novel published by Tapas Entertainment, Inc. </p>
<p>In I'm In Love With My Brother's Best Friend movie: when Kaitlyn Sinclair moves into her off campus apartment with her high school sweetheart for her freshman year of college, she immediately catches him cheating on her. She is forced to move into her brother&rsquo;s apartment and share a space with his best friend who is in grad school on the same campus. When her childhood crush ",Female|Young Adult|Modern|First Love|Campus Romance|Age Gap|Childhood Sweetheart|Student,en,1,,
672058b322518d7cf4035ff8,200000000000000123,My Firefighter Ex-Husband Burns in Regret,59407466,574181,0,2024-10-29,"My Firefighter Ex-Husband Burns in Regret tells a story that following the tragic death of their daughter Alyssa in a youth center collapse, Hazel seeks justice and revenge on her firefighter husband Jace, who chose to save his ex-lover Candace and her daughter, Kimberly, instead. Consumed by grief and rage, Hazel holds Jace and Candace responsible for Alyssa's death. As she navigates her sorrow, Hazel transforms her pain into a drive for charity, establishing a foundation to help children. Burd",Female|Family Drama|Contemporary|Revenge|Tear-Jerker|Redemption|Independent Woman,en,1,,
68afbd239ced05f58b0e83b5,200000000000000328,The Billionaire Married a Homeless Girl,58849872,491132,0,2025-08-28,"In The Billionaire Married a Homeless Girl movie, after a one-night-stand, Adele Moore becomes pregnant. She wants to keep the child, but her father kicks her out of the house. With nowhere else to go, Adele becomes homeless.  She tries her best to raise her son despite her challenging circumstances. One day, Adele's son, Brad Moore, runs into billionaire Heston Deleon.  By chance, Heston discovers that Brad is his son. He tries to track down Brad, but loses their trail. Through a series of misu",Sweet Romance,en,1,,
6397de2169201b3014613d43,200000000000000004,The Boss Affair,57501251,1031249,0,2022-12-13,"Lucy Harris and Luke Walker had an affair, but that was before she found out that he was her boss in The Boss’ Affair Movie. Lucy woke late for her first day at work and had to leave in a hurry. When she arrived at work, she got the shock of her life as she saw who her boss was.",Billionaire|One Night Stand|Taboo|Office Romance|Contemporary|Sweet|Female|Amalea Joy Sanchez|Nicholas Garabedian|Independent Woman,en,1,,
6825b34d0453c1c8c408726f,200000000000000258,Never Reject A Wolf Princess,53829785,574291,0,2025-05-15,"In Never Reject A Wolf Princess movie: Lia was born a princess, but all she really wants is a life of her own. So she chooses love over duty—only to be betrayed and rejected by her mate. But she’s not one to stay broken for long. When she unexpectedly bonds with a new mate hiding his own secrets, Lia is thrust into a world of power, deception, and second chances. Now, she’s done following the rules. It’s time to reclaim her throne—and make everyone who doubted her regret it!",Female|Strong Heroine|Fantasy|Hidden Identity|Revenge|Flash Marriage|Royalty/Nobility,en,1,,
68b929384c72c7c64907f813,200000000000000330,Mistaken as His Mate: The Luna’s Regret,47825257,614160,0,2025-09-04,"In Mistaken as His Mate The Luna’s Regret movie, Alpha Caspian’s pregnant sister Marina arrives for his Luna’s coronation, but Luna Willow mistakes her for a rogue mistress. In a jealous rage, Willow bullies Marina, causing her miscarriage. Now the Brooks siblings want blood.",Family Drama,en,1,,
690d4f2bc93a882dd301aa1a,200000000000002210,Bound to the Rebel Wolf,47094690,378975,0,2025-11-07,"Their families slaughtered each other, and they’re sworn to hate one another… but the pull between them can't be denied. Maeve, the alpha princess, enters Luperiom determined to survive the kingdom’s brutal war college. What she doesn’t expect is a fated bond with Saxon Blackmoor—the most powerful wolf there… and her enemy. Now, the one wolf she shouldn’t want might be the only one who can save her.",Sweet Romance,en,1,,
67cb7e52f8974bf68703f776,200000000000000193,Kiss Me 99 Times a Day,40439313,276596,0,2025-03-08,"In Kiss Me 99 Times a Day movie, Alice Breslin, desperate to ditch a sleazy guy, impulsively kisses CEO Anson Vega. The next thing she knows, he whisks her away and they get married on the spot. After their whirlwind wedding, they slowly start developing feelings for each other as they spend their days together. In a dramatic twist, Anson unexpectedly discovers that the genius ""Sam"" he's been searching for all along is actually Alice.",Female|Toxic|Modern|Flash Marriage|Hidden Identity|Independent Woman,en,1,,
64e572c914fc5451293b5766,200000000000000016,"Goodbye, My CEO",40216705,692730,0,2023-08-23,"Sophie McKenzie runs straight into the arms of James Knight after she was being pursued by a gang. James Knight takes her in according to Goodbye, My CEO Movie, and offers her protection but that came with a price. However, Sophie wants to break free from this bond, but she finds herself stuck as James Knight refuses to let go.",Billionaire|Office Romance|Tear-Jerker|Taboo|Contemporary|Toxic|Female|Maryana Dvorska|Kasey Esser|Innocent Damsel,en,1,,
68b9295a0725da05b40b9799,200000000000000333,Ruthless Mafia Daddy,39950541,294212,0,2025-09-04,"The day Ellie's IVF process is a success, she finds out her fiance and her best friend are having an affair. Devastated, she decides to raise her child alone. The doctor reveals there's been a mix up at the sperm bank - she's pregnant with the Mafia Boss' baby. Ellie has been unwillingly dragged into a mafia war of succession. In order to protect her unborn baby, she agrees to a contract marriage with the mafia boss. They never thought this would lead them to true love.",Sweet Romance,en,1,,
66f5f4624f4761f082060bc8,200000000000000108,The Return of My Mafia Husband,39803351,230442,0,2024-09-27,"The Return of My Mafia Husband movie summary is all about Leo Marino who keeps his identity as the don of the Marino family as he dates Olivia Gray, an ordinary girl. After being in a coma for eight years, he finds Olivia still waiting by his side as he proposes to her. But a don can't marry a nobody as he promises to give Olivia the world.",Male|Comeback Story|Mafia|Feel-Good|Hidden Identity|Protective Husband|Crime Lord,en,1,,
678df4308987856546031790,200000000000000167,"Wrong Marriage, Fated Groom",39576123,216647,0,2025-01-20,"Emily's fiance Henry breaks up with her on their wedding day. Pushed by her toxic best friend, Fiona, she agrees to enter a fake marriage with another man, but mistakes William, her mysterious billionaire CEO, for the man she's supposed to marry. After the wedding, William finds out that Emily is one of his employees, while Emily mistakenly believes that William is drowning in debt. William hides his identity till the day of the design competition when Fiona and Henry plot to sabotage Emily.",Female|Sweet|Contemporary|Hidden Identity|Love After Marriage|Flash Marriage|Billionaire|Strong-Willed,en,1,,
67f790bf2e5020721707e329,200000000000000215,Secret Boss of the Five Keys,39041007,466641,0,2025-04-10,"In Secret Boss of the Five Keys movie, Grayson Rodgers is a gardener with a secret: Over the last five years, he's taken out the five heads of the Five Nation Syndicate, and taken their Gold Keys: The symbols of their authority, but also the keys to the vault that acts as a bank for their entire fortunes. He's now ready to stop, and give his wife a life of luxury and peace. But before he can reveal himself to her, he discovers her sleeping with a high ranking syndicate general, Ivan. Ivan wants ",Male|Comeback Story|Mistaken Identity|Revenge|Crime Lord|Server,en,1,,
654208935ec846a2e30698fa,200000000000000029,Fatal Attraction: The Hybrid Princess,38224074,418616,0,2023-11-01,"Natalie is a hybrid. She is a werewolf, dragon and vampire, and due to this, she is targeted by different people who are after her for so many reasons in Fatal Temptation: The Hybrid Princess Movie. Following her flee from her pack because of heartbreak, she returns when she hears of the death of her parents and a new Alpha.",Fantasy|Enemies to Lovers|Hidden Identity|Werewolf|Strong Heroine|Female|Maria Barseghian|Jake Golden|Independent Woman|Young Adult,en,1,,
680755f6e2beaa8d5309d902,200000000000000227,The Quarterback's First Love,35891243,359035,0,2025-04-22,"In The Quarterback’s First Love movie, after her quarterback fiancee’s betrayal, cheerleader Maddie’s life unravels. Drawn to Cameron, another football player who feels oddly familiar, she faces new challenges as her ex, the cheer captain, and Cameron's mother plot to tear them apart.",Female|Sweet Romance|Modern|Campus Romance|Reunion|Fated Lovers|Athlete|Student,en,1,,
678b0e4df513a20e830d9372,200000000000000166,My Billionaire Ever After,35747261,183309,0,2025-01-18,"Aria Walker needs a husband to get out of an arranged marriage. When her long-term boyfriend reveals he's leaving her for her best friend, a heartbroken Aria turns to old acquaintance/""food truck worker,"" Norman Hill. Little does she know Norman Hill is actually a billionaire CEO. Aria's selfish family and bitter best friend try to sabotage her at every turn, but with Norman's support, Aria's marriage only gets stronger.",Female|Sweet|Contemporary|Flash Marriage|Hidden Identity|Love After Marriage|Billionaire|Innocent Damsel,en,1,,
6858f9575bd2413a260a1eb2,200000000000000278,Sadness Knows No Boundaries,34721932,284008,0,2025-06-23,"In Sadness Knows No Boundaries movie, Charlotte Hasting's life is turned upside down after her daughter dies due to her husband's negligence and favoritism for a pretty employee. To make matters worse, her husband won't believe her, and thinking that she's hiding their daughter from him, continuously makes her life a living hell.",Family Drama,en,1,,
67bcf64bbc2c7303280b1e8a,200000000000000187,The Billionaire Firefighter and His Sweet Wife,32360862,164624,0,2025-02-25,"In The Billionaire Firefighter and His Sweet Wife Movie, on the wedding day, a fire breaks out. Chloe's fiancé, Kevin, abandons her to save his stepsister, Rachel, leaving her in danger. Leo rushes into the flames to rescue her. To reclaim her mother’s inheritance, Chloe impulsively marries Leo, unaware that he’s actually a billionaire CEO. As time passes, Leo begins to fall for Chloe ultimately becoming utterly devoted to her.",Female|Sweet Romance|Modern|Flash Marriage|Hidden Identity|Billionaire|Independent Woman,en,1,,
68debdd66704ca4a470c01cc,200000000000000348,Homeless Billionaire Baby Daddy,32327711,180674,0,2025-10-03,"Daisy and Alex share a one night stand and part ways on one fateful night -- which leaves Daisy pregnant. Alex is on his way to her when he gets into a car accident and loses his memory. 5 years later, Daisy runs into a homeless Alex, and her daughter Poppy insists he's her father. When will Daisy realize this homeless man is her baby daddy? Will the family of three work together to take revenge against scheming villains?",Sweet Romance,en,1,,
68075635df42c4bb2a02709c,200000000000000230,Boss Me Around If You Dare,32214698,245166,0,2025-04-22,"In Boss Me Around If You Dare movie: Just after she is falsely accused of sleeping with her boss and fired, Olivia lands a new job at Wilder Conglomerate—only to realize her new boss is Theo Wilder, the man she hooked up with last night! Olivia says they can’t work together, but Theo challenges her to stay and take a bet: he says he can make her fall for him, while Olivia bets she can resist his seduction… but just how long can she last against her boss’ sexy advances?",Female|Sweet Romance|Modern|Office Romance|Reunion,en,1,,
6825b40ac6c46f2b17055695,200000000000000265,Two Alphas Are in Love with Me,32013871,255170,0,2025-05-15,"The wolfless Lyra, has been captive in the Wolfsbane pack for seven years, during which she was constantly abused by Alpha Roland. During one of her escapes, Lyra has an accidental one-night stand with Alpha Alfred, Moonshadow pack's strongest Alpha, and becomes pregnant with his child. Alpha Alfred rescues Lyra from Alpha Roland and brings her back to his pack. To protect her, Alfred and Lyra form a Fake Luna contract.",Sweet Romance,en,1,,
67b554ea7dcbda95a808a7f3,200000000000000185,Good with Her Hands,31293208,246279,0,2025-02-19,"Years after an unexpected separation, Bella and Adam—once college classmates who fell in love at first sight—are unexpectedly reunited. Now a successful doctor, Bella is stunned when Adam, her first love and now a renowned NHL superstar, appears in her office, seeking help. As old feelings resurface, a twist of fate binds them in a contract relationship, giving their unfinished love a second chance. With each passing day, the spark between Bella and Adam grows stronger, but both must decide if t",Female|Sweet Romance|Modern|Fake Relationship|Contract Lovers|Jock|Doctor,en,1,,
6802d2e64af71963930e1931,200000000000000222,A Hamptons Summer Affair with My BFF's Brother,30152150,243486,0,2025-04-19,"In A Hamptons Summer Affair with My BFF's Brother movie, Olive Parry agrees to be her BFF Sam’s fake girlfriend, and in return, he would pay for her expenses to save her little brother from his evil foster mom. One condition: don't fall in love with Sam’s older brother. Everything was working perfectly until Olive found out that the man she’d secretly pined for after a one-night stand, and Sam’s off-limit older brother were the same person.",Female|Young Adult|Modern|Mistaken Identity|One Night Stand|Intense Sexual Tension|Student,en,1,,
65264474efd3301db005d353,200000000000000021,The Alpha's Daughter,28983688,349264,0,2023-10-11,"“The Alpha’s Daughter”
Daphne Sinclair’s life shatters when her father, a powerful Alpha, is murdered on her 18th birthday. Betrayal by Alpha Atlas fuels her desire for revenge. Identity, transformation, power, and resilience collide. Daphne navigates a hostile environment, forging alliances and seeking justice. New situations are stressful, avoiding danger at the same time sucks. Survival game?",Fantasy|Enemies to Lovers|Fated Lovers|Revenge|Werewolf|Toxic|Female|Courtney Carl|Douglas Jung|Innocent Damsel,en,1,,
64e451f080feb1543116ac03,200000000000000015,Fatal Temptation: Between Two Alphas,28417221,423108,0,2023-08-22,"Fatal Temptation: Between Two Alphas movie summary will take us on a steamy ride as we see Mia, pregnant with her chosen mate Cameron's child, ends up as a rogue when a witch casts a spell on Cameron, he chooses her leaving Mia heartbroken.
As Mia gets expelled to be a rogue she meets her fated mate. But she's tied to both Cameron and her newly found mate.
The alphas are not willing to share, thus making the love triangle hot and curious to watch.",Fantasy|Fated Lovers|Love Triangle|Werewolf|Female|Daniela Couso|Freddy Piazza|Ethan Kirschbaum|Sweet|Independent Woman,en,1,,
65c2e3e42c76dd2373035d34,200000000000000051,Deadly Affair with My Brother-in-Law,28377877,328232,0,2024-02-07,"Deadly Affair with My Brother-in-Law summary talks about Aurora who's engaged to Patrick, but she falls for Patrick's brother Noah.
When Patrick turns abusive towards Aurora Noah will do everything to keep her as his.
This forbidden romance is so hot that you can't help but root for the couple. As the title suggests, the movie is filled with drama, action, and romance.",Taboo|Revenge|Steamy|Female|Toxic|Billionaire|Innocent Damsel|Mafia|Ella Frazee|Nicolas Sellar,en,1,,
67e1da0ec6bf558b4b07891d,200000000000000200,"Go Away Stepmom, You Have It All Wrong!",27743961,281380,0,2025-03-25,"In Go Away Stepmom You Have It All Wrong Movie, on the day of her father’s wedding, Margaret rushes home early from college exams to attend the ceremony. She only to be mistaken by her future stepmother, Chloe, as her father’s mistress. While her father is away, Chloe takes every opportunity to humiliate and mistreat Margaret. Can Margaret clear her name and expose Chloe’s true colors before it’s too late?",Female|Strong Heroine|Modern|Mistaken Identity|Affair|Revenge|Heiress/Socialite|Saintly Parent,en,1,,
67cb8fb6ec57377a7408e9bb,200000000000000194,"After Divorce, My Ex-Wife Became a Billionaire",27651748,161847,0,2025-03-08,"In After Divorce My Ex-Wife Became a Billionaire movie, Claire, secretly the heir to a vast fortune, hides her true identity to marry Milo out of love. Living in Los Angeles, she quietly uses her wealth and influence to smooth out the obstacles on Milo's path to building his startup. Just as Milo is on the brink of success, Claire discovers he's been unfaithful. Confronted, Milo admits he's fallen out of love, speaks harshly to her, dismisses all she's done for him, and pressures her into a divo",Female|Strong Heroine|Modern|Hidden Identity|Business|Affair|Billionaire|Heiress/Socialite,en,1,,
651b5b2b1f32246c6a25e386,200000000000000018,Bound by Honor: Kidnapped by the Mafia King,26881089,350446,0,2023-10-03,"Bound by Honor: Kidnapped by the Mafia King summary talks about the world of mafia families, the Saviano and the Mancinis who are bound by marriage alliance to help retrieve their family's glory.
When Luca meets Harper she's sold by her father at an auction.
Luca saves her not caring about the fact that he's betrothed to someone else. Their love can destroy their lives.",Mafia|Enemies to Lovers|Contract Lovers|Crime Lord|Innocent Damsel|Toxic|Female|Lauren Farmer|Brandon Runkel,en,1,,
645ebd7915e1d702e965b8c5,200000000000000007,How My Boss Became My Hubby,25044675,393491,0,2023-05-13,"Allison Lang is the personal secretary of Lucas Ager, Forbes 30 under 30 and hot shot CEO of Ager Enterprises. To get her ex-boyfriend Kyle off her back, Allison texts him that she's now dating Lucas Ager, but what happens when a twist of fate happens and the entire company sees her text message?! Will Lucas Ager fire her… or will secrets from their past come to light?",Rom-Com|Office Romance|Contract Lovers|Billionaire|Innocent Damsel|Contemporary|Sweet|Female|Kirsten Schaffer|Jey Reynolds,en,1,,
65f5222803ea4cc92a0218c9,200000000000000050,The One that Got Away,24633223,231216,0,2024-03-16,"The One that Got Away summary is all about Anna Starr who finds herself stuck in a loveless marriage after giving up her passion to settle down.
Her husband is cheating on her thus making her marriage a misery. Anna meets her rock star ex-boyfriend Adrian, who still ignites the old passion in her.
This time around Anna has to follow her heart as she dreams of Adrian.",Taboo|Steamy|Second Chance|Contemporary|Female|Childhood Sweetheart|Housewife|Sweet|Sarah Evans|Marc Herrmann,en,1,,
6459939c36c69c470e326456,200000000000000006,"My Husband Killed Me, then I Won the Mega Ball!",23963343,276201,0,2023-05-09,"Adoria Cummins gets murdered by her husband and is taken back in time! She uses the knowledge from her previous life to get revenge on all those who wronged her, starting with winning the Mega ball! Then comes Elijah Snyder, a lawyer who seems to have her best interest in mind, but there's just something about him… that seems too familiar.",Revenge|Friends to Lovers|Childhood Sweetheart|Rebirth|Contemporary|Female|Alexandra Shydlovska|Ryan Watson Henderson|Strong Heroine|Independent Woman,en,1,,
6836a4b02ef81742260a5219,200000000000000272,Regret is the Punishment,23843404,359342,0,2025-05-28,"In Regret is the Punishment movie, MC Karen is a stay at home mom, her husband Tom is a rich Lawyer. While Karen is out, her house catches on fire and their five year old daughter Anna falls to her death. 
Good samaritan Merry goes with the fire truck to take Anna to the hospital, driven by Bob, the fire captain. They need to take Anna to the ER for surgery as soon as possible.
The fire truck hits Karen's car, on her way back from cheating on her husband. She demands they grovel for forgiveness,",Female|Drama|Revenge|Affair|Neighbors|Housewife,en,1,,
68a77fac1967059c3c0457d2,200000000000000318,Don't Mess with a Prep School Princess,23652489,192171,0,2025-08-22,"Sierra Lane thought she was getting her life back when she was finally released from juvie after taking the fall for her boyfriend, Jake. Instead, she’s met with a shocking truth: she’s the long-lost Lancaster Heiress, heir to one of the biggest fortunes in the country. Armed with a new identity and eager to reclaim her place at Hawthorne Prep, Sierra returns to school, ready to share the news. But instead of a warm welcome, she finds that Jake has moved on with her ex-best friend, Fallon. Even ",Young Adult,en,1,,
678dfe853bd9b5be490a13a0,200000000000000169,The Lady Boss's Small Town Valentine,23181608,145285,0,2025-01-20,"In The Lady Boss's Small Town Valentine Movie, a workaholic's life is turned upside down when she finds out her fiance is having an affair with her horrible assistant. She blows the biggest deal of her life when she has a breakdown over it during the pitch. Now, her grandfather, the CEO of her hotel company, relocates her to a tiny mountain town to take over one of their failing properties. To make matters worse, she's stuck with a small town (but devilishly handsome), co-manager, who cares more",Female|Sweet Romance|Contemporary|Enemies to Lovers|Mistaken Identity|Rom-Com|Independent Woman,en,1,,
689bfcef5bd68625550ec33b,200000000000000315,The Queen Bee Strikes Back,22840404,204285,0,2025-08-13,"Bella, heir to the wealthy Walton family, is tired of being surrounded by calculating rich kids. She falls for Marc, a plus-size guy who seems to love her for who she is, hiding her identity and even helping him get recruited to Harvard’s football team. But betrayal hits hard, Bella discovers Marc has been cheating on her with her classmate - and bully - Jessie, who constantly mocks Bella’s body. Even worse, Marc has stolen her identity, claiming he is the Walton heir to win clout and rise to th",Young Adult,en,1,,
68bf6f41e98eb0e612057b7d,200000000000000335,Lost Heiress of Kingston High,22812470,169896,0,2025-09-09,"Katie Walker is the janitor’s adopted kid — bullied, humiliated, a nobody. Then the golden Maddox brothers show up looking for their long lost heiress sister: Katie! But the school’s queen bee steals her place. Now it’s Katie’s turn to level up, take back her crown, and make them all regret underestimating her.",Young Adult,en,1,,
67f6cbba96412fe9460d57ac,200000000000000211,"Baby, Please Don't Marry Him",22802175,164573,0,2025-04-10,"In Baby Please Don't Marry Him movie, to secure her boyfriend’s future, Gloria pretends to be superficial and breaks up with him. Seven years later, she's forced into an arranged marriage, only to find her fiancé's uncle is her now-successful ex. As old feelings resurface and misunderstandings unravel, the two are drawn back together for a second chance at love.",Female|Second Chance|Modern|Reunion|Love Triangle|Billionaire,en,1,,
65a0b0b42cb3e9e6c60ce898,200000000000000028,Her Desired Alphas,22621681,244050,0,2024-01-12,"Marabella's dark powers made her the target of her pack after she accidentally killed Kyan's father. No one understands her except for Jonah, her boyfriend and the future Alpha. When the Moon Goddess pairs her with Kyan instead, her only hope shatters, Will this mate bond turn out to be a blessing, or another curse?",Fantasy|Love Triangle|Fated Lovers|Reverse Harem|Werewolf|Sweet|Female|Jenna Malatskey|Innocent Damsel|TJ Wilk|Robin Åkerstrand,en,1,,
687f2ab2dafc1bd65e0e34ca,200000000000000298,You Fired A Genius Surgeon,21982054,189293,0,2025-07-22,"After Dr. Adrian Marksman, the most renowned surgeon in the country, gets dismissed by his boss's son, he joins forces with Dr. Vivian Hart, the brilliant and ambitious head of a rival hospital. This move drives his former hospital into financial ruin, and when Preston realizes he has let go of the wrong doctor, it's already too late...",Comeback Story,en,1,,
68b9294ff4e5830a65025e3b,200000000000000332,America's Favorite Ex-Husband,21969120,204907,0,2025-09-04,"In America's Favorite Ex-Husband movie, an aspiring writer’s life is turned upside down when he rescues an up-and-coming Hollywood starlet.  Ten years later, Daniel’s the house husband to America’s Sweetheart, ignored and invisible to the paparazzi and his own family.  When a megastar old flame comes back to seduce his wife, Daniel’s life reaches a new level of hell and he realizes he must do the unthinkable: divorce America’s Sweetheart!  By the time his famous wife realizes what she’s lost, it",Family Drama,en,1,,
6825af4b1657d2354b0d8094,200000000000000246,CEO Queen: A Mother’s Revenge,21778218,151879,0,2025-05-15,"In CEO Queen A Mother’s Revenge movie, after 15 years of living as a humble orphanage worker, Mary Miller's peaceful life is shattered when a brain hemorrhage leaves her comatose. While her youngest adopted daughter Grace desperately tries to save her life by selling her own blood, her other children Rose and William reveal their true cruel nature. When Mary finally wakes and claims to be Phoenix Group's legendary CEO, she faces brutal mockery and violence. But those who dare abuse the ""delusion",Female|Strong Heroine|Modern|Hidden Identity|Revenge|Billionaire,en,1,,
67f790db472487b6b00b8e24,200000000000000216,Freeze! Runaway Groom,21262430,180740,0,2025-04-10,"In Freeze! Runaway Groom movie, to pay for her father's medical bills, Ivy is forced to marry Byron, a wealthy heir, instead of her stepsister. But on their wedding day, Byron doesn't show up, leaving Ivy humiliated in front of all their family and friends. After they finally marry, they set three rules—agreeing they won't fall in love with each other. Eventually, Byron tells Ivy that the agreement is ridiculous because he's already fallen in love with her. He asks her if she loves him back. So,",Female|Sweet|Modern|Love After Marriage|Contract Lovers|Protective Husband|Strong-Willed,en,1,,
65ab3d607b0faf2ea60e30b3,200000000000000038,"Ms. Swan, Teach Me Love",20576197,242588,0,2024-01-20,"Charlotte Swan's put the past behind her to focus on her new job at the prestigious St. James Academy. Everything changes when Timothy Wolfe, king of the school decides that he wants HER. It's forbidden, it's taboo, but what's more... Charlotte has a dark secret that could ruin them both.",Taboo|Campus Romance|Tear-Jerker|Contemporary|Toxic|Female|Candace Mizga|Josh Welles|Independent Woman|Sweet,en,1,,
6777604056f3bf9f960768eb,200000000000000158,When Love Comes Too Late,19779207,128083,0,2025-01-03,"A car accident leaves Winnie's daughter on the brink of death. Her doctor husband, Aaron, chooses to save his first love Monica's child instead, leading to the death of his own daughter. Winnie seeks justice for her lost child, only to face relentless interference from Monica and distrust from her husband.",Female|Family Drama|Contemporary|All-Too-Late|Revenge|Tear-Jerker|Strong-Willed|Surgeon,en,1,,
64ba07d2e90f9a44374bfcad,200000000000000014,My Gorgeous Wife is an Ex-Convict,19762809,260716,0,2023-07-21,"Brielle is wrongfully accused of killing her fiancé's sister. Her fiancé refuses to believe her, and sends her to rot in prison. Three years later, after her release, Brielle works to prove her innocence. A mysterious and handsome stranger, Jay, lends her a helping hand... But there may be more to him than what meets the eye.",Revenge|Hidden Identity|Love Triangle|Contemporary|Female|Nova Gaver|Ryan Watson Henderson|Billionaire|Independent Woman|Strong Heroine,en,1,,
6572f80acac4b33e8408ee92,200000000000000033,My Mate is a Vampire,19473906,229126,0,2023-12-08,"A werewolf cursed to never shift. A vampire with dark secrets. Kaiya and Talon are supposed to be mortal enemies, but what will the two do when the impossible happens and... they form a mate bond?!",Fantasy|Enemies to Lovers|Vampire|Strong Heroine|Female|Jordan Beltz|Travis Long|Innocent Damsel,en,1,,
6825b496ac2e521b7f0db506,200000000000000269,"Forgive Me, Forget Me Not",19429153,124271,0,2025-05-15,"In Forgive Me, Forget Me Not movie, Lottie is forced to give up on the man she loves in order to save his life. Year later, she runs into him again and he's a bigshot lawyer with billions at his disposal. But not only that, he has a cold hard vendetta against her... for stabbing him.",Toxic Love,en,1,,
6397ddc3c94f6e46282ef803,200000000000000003,Do Me Over,19080194,313029,0,2022-12-13,"Sarah Loren is a widow with a teenage son, Ethan Cole is a big shot CEO who wants to acquire her company. He is arrogant, brilliant, and unnecessarily good looking, and he'll stop at nothing to get what he wants, and what he wants… is Sarah's heart.",Grady Eldridge|Rose Marie Guess|Female|Strong Heroine|Contemporary|Enemies to Lovers|Amnesia|Pregnancy|Billionaire|Innocent Damsel,en,1,,
67b552ef9fda67232d0477c1,200000000000000183,The Ex-Wife's Comeback Strategy,18938576,100165,0,2025-02-19,"In The Ex-Wife's Comeback Strategy Movie, after hooking up with her husband Benjamin who she's never met before, Aria learns that he wants a divorce with her. Her plan to just run away is demolished by her studio's new commission, which is to design Benjamin's new house. Aria hides her identity and starts working with Benjamin for the cash. Benjamin falls for his designer Aria during this time, as she develops feelings for him too...",Female|Second Chance|Modern|Love After Marriage|Mistaken Identity|Billionaire|Independent Woman,en,1,,
68e80feb00e1875fe80e757f,200000000000000352,True Heiress Never Lies!,18847996,138699,0,2025-10-10,"Pampered real heiress Ellie is framed and sent to juvenile detention by her family. They believe she lives comfortably, unaware that under the fake daughter's orders, Ellie suffers brutal abuse. Three years later, she is released, broken inside, but still seen as spoiled. Only when her father beats her and her prosthetic falls off do they realize the truth...",Family Drama,en,1,,
68a80959bddb266830011182,200000000000000320,Stay-at-Home Dad Levels Up,18588901,150360,0,2025-08-22,"The Stay-At-Home Dad Levels Up tells the story of Jack Parker, a penniless orphan deeply devoted to his wife and son. Unfortunately for Jack, his wife’s family has always disapproved of him, and are actively trying to sabotage their relationship. All that changes when Jack becomes the heir to one of the richest companies in the world. Now Jack must convince them that he is really a billionaire, before they sabotage his marriage, get his daughter taken away, or even have him killed.",Rags to Riches,en,1,,
679098c5fc088c544e08668d,200000000000000171,Accelerating Love,18580063,117647,0,2025-01-22,"At her wedding, ordinary girl Lillian experiences a heartbreaking betray when she catches her boyfriend cheating with her best friend. In the moment of desperation and defiane, she determined to prove her own worth and impulsively takes the hand of a scruffy mechanic Luca, who stands beside her as it happens. Instead of becoming a burden, their marriage flourishes as they navigate a series of sweet, unexpected moments and overcome challenges together. To Lillian's surprise, Luca is not just a si",Female|Sweet|Contemporary|Flash Marriage|Hidden Identity|Love After Marriage|Innocent Damsel|Billionaire,en,1,,
6927f387c28b39cdd0021af3,200000000000000378,"Daddy Forgot, but Mommy Remembers",18484832,181623,0,2025-11-27,"Nicole loses everything the night she’s framed—her freedom, her child, and the love of her life. Seven years later, she returns as a nanny in the very house that once destroyed her. Ethan, her ex-fiancé, still haunted by the woman he once loved, starts to feel something for the new nanny—without knowing it’s her. Secrets simmer, memories resurface, and Lila, their stolen daughter, is the unexpected thread pulling them back together. He doesn’t remember her. But his heart never forgets.",Second Chance,en,1,,
68afbd1325d801f4860baa74,200000000000000327,My Hockey Alpha,18058821,152947,0,2025-08-28,"Nina runs into hot hockey captain Enzo at a party after she catches her boyfriend Justin cheating. Since Enzo's a known player who only sleeps with girls once, Nina agrees to a no strings attached night of fun with Enzo, but when they both catch feelings, Nina learns that Enzo's player reputation is due to a rule: he can't have sex with anyone twice, or they'll die. The catch is...if Nina's his fated mate, she's safe. But that's not all. Enzo's got a crazy ex-hookup who won't let him go and want",Dark Romance,en,1,,
65404e20f5707eab920b24d2,200000000000000023,My Enemy Alpha,17456243,220286,0,2023-10-31,"When you're forced to wed the dark and dangerous Alpha Ronan — your mortal enemy — you're sure you'll kill each other before you make it to the altar. But when a common enemy threatens to destroy your pack, will you accept that you are fated to one another? Or reap deadly consequences?",Fantasy|Enemies to Lovers|Contract Lovers|Revenge|Werewolf|Strong Heroine|Female|Kourtney George|Dakota Kruz|Independent Woman,en,1,,
687f2a41314aed63020928f9,200000000000000296,You Fired a Fashion Icon,17277074,125280,0,2025-07-22,"Dani, a mousy, plain-looking designer, saves her company's Paris Fashion Week show only to have her success stolen by lazy but stylish intern Brynn, who gets Dani FIRED by her boss's power-hungry daughter. But when a rival fashion house recruits Dani, she gets the glow-up of the century and becomes determined to show off her design skills and reclaim her title as the true couture QUEEN.",Strong Heroine,en,1,,
67c2465a23f6c37d0f03ea28,200000000000000189,Falling for My Dad's Best Friend,17205210,137298,0,2025-03-01,"In Falling for My Dad's Best Friend, Kylie, a bold young woman infatuated with her dad's best friend. Jaxon tests his limits as she tempts him with Kylie's charm. As Jaxon struggles to resist her, the tension between them escalates, leading to an ultimate betrayal that changes everything.",Female|Modern|Age Gap|Taboo|Childhood Sweetheart|Hot Daddy/DILF,en,1,,
647aa5b086deef74cd0ebe66,200000000000000010,"Big Bad Husband, Please Wake Up! 2",17079009,266828,0,2023-06-03,"Ellie Holland is forced to marry bigshot billionaire Wayne Lyons in order to save her father's life. For the hefty price of five million dollars, Ellie sold herself into the Lyons family with the promise of delivering an heir. There's just one catch… Wayne Lyons is in a coma!",Love After Marriage|Contract Lovers|Revenge|Billionaire|Contemporary|Sweet|Female|Samantha Drews|Roman Chsherbakov|Innocent Damsel,en,1,,
68191e5408a393374109d3ca,200000000000000244,The Break-up Bet With My Billionaire Ex,16959761,124806,0,2025-05-06,"In The Break-up Bet With My Billionaire Ex movie, when Layla and Joshua break up, they sign a separation agreement: If they're both still single in five years, they get married. Five years later, after becoming the world's hottest and wealthiest chef, Joshua takes the position of head chef at the restuarant where Layla works. Joshua wants her to fulfill the contract, but with her health in an unstable condition, Layla lies and says she's already engaged. Still, an undeniable chemistry builds bet",Female|Second Chance|Modern|Reunion|Love Triangle|Billionaire,en,1,,
64b729ab51f0d103720c40c6,200000000000000013,The Reborn Wife's Redemption,16667655,216381,0,2023-07-19,"After realizing she's been hating the wrong man her entire life, Elena dies in the arms of her husband Marcus. In a twist of fate, Elena is brought back in time. It's not too late, she still has time to change everything. In this life, she won't hate her husband... she will protect him at all cost.",Revenge|Enemies to Lovers|Rebirth|Contemporary|Female|Alexandria Watts|Ethan Kirschbaum|Housewife|Strong Heroine|Billionaire,en,1,,
680756f542a99850b106f7ff,200000000000000238,My Firefighter Fiancé Returns as a Billionaire,16512200,132720,0,2025-04-22,"In My Firefighter Fiancé Returns as a Billionaire movie, Archer is nowhere to be seen on his wedding with Alice—rumor has it he died in an explosion during a firefighting mission. Alice’s greedy parents try to marry her off to a sleazy suitor, Philip. At the new wedding, Alice finally sees her husband again—but he’s now engaged to someone else.",Female|Second Chance|Modern|Love Triangle|Revenge|Reunion|Heiress/Socialite|Independent Woman,en,1,,
68bb61123f9c8d053b0d83bc,200000000000000334,Alpha Mate Unchained,16310983,152427,0,2025-09-06,"In Alpha Mate Unchained movie, he killed his vicious father to save her.  Now the new Alpha King must hide his fated mate and use a decoy fake Luna to keep her alive. But while he’s away battling, she’s discovered by the Fake Luna and brutally tortured.  Can she survive long enough for the Alpha King’s return and vengeance?",Revenge,en,1,,
67e1d8107f46e58c8305c783,200000000000000199,The Elite Heir's Ultimate Comeback,15943545,107335,0,2025-03-25,"In The Elite Heir's Ultimate Comeback movie, Hector and Alice have been in love for years. But just as Hector is about to reveal his true identity, a tragic accident leaves him in a coma. Alice’s family, despite their limited resources, contributes what they can to his recovery. As Hector slowly regains consciousness, he can only communicate by pressing a call button. Meanwhile, an antagonist posing as a doctor manipulates the family. In a critical moment, Hector finally speaks, warning the anta",Male|Comeback Story|Contemporary|Hidden Identity|Playing Dumb|Royalty/Nobility|Strong-Willed,en,1,,
69143a1e3b4503c4ac04e8fe,200000000000002251,How to Land a Movie Star,15913410,142241,0,2025-11-12,"When ambitious casting assistant Cleo Marlowe risks everything to convince movie star Blake Wilder to act in her movie, she doesn’t expect him to say yes, or for the paparazzi to catch her walking out of his house. Branded as the girl who slept her way to a get ahead, Cleo becomes Hollywood’s favorite rumor. But while her reputation takes a nosedive, the notoriously cold and gruff Blake starts to show up for her in ways she never saw coming.",Sweet Romance,en,1,,
6836676702c5394e880dc4cc,200000000000000271,The Boy I Hate,15717323,110132,0,2025-05-28,"When her boyfriend suddenly drops out of their roadtrip to her best friend's wedding, Samantha Smiles is forced to take the long drive from LA to NYC with the boy she's spent the last five years trying to forget. The boy she spent one secret summer night with. The boy she let take ALL her firsts: Tristan Montgomery, AKA her best friend's older brother! Torn between loyalty and her resurfacing (mutual?) feelings for Tristan, Samantha has to make a choice: will she keep living for others, or will ",Female|Young Adult|Modern|Enemies to Lovers|Hidden Feelings|First Love|Athlete,en,1,,
67db2e20143929db1a039266,200000000000000198,Feast of Power,15605730,118391,0,2025-03-20,"In Feast of Power movie, Nick, who's secretly the wealthiest man in the world, lives as stay-at-home husband with his wife, Bella. Just as he’s about to reveal his true identity and share his wealth and power with her, he discovers Bella’s betrayal. Nick realizes he had mistaken Bella for his true love. He later finds Elena, a woman who loves him for who he is, not for his wealth or power. Determined, Nick takes back everything he had planned to give Bella and chooses to share it with Elena inst",Male|Comeback Story|Modern|Multiple Identities|Love After Divorce|Mistaken Identity|Royalty/Nobility|Marshal/General,en,1,,
67773dcf3d3252065f0e5651,200000000000000157,Love Me Two Times,13141745,101733,0,2025-01-03,"Emma and Liam shared a magical night together that ended abruptly when Liam left the next morning without a explanation. Six months later, they get reunited at Emma's sister's wedding where Liam is the best man. As their unsolved feelings come rushing back, Emma decides to fake date Liam for the weekend to get her ex to leave her alone.",Female|Second Chance|Modern|Fake Relationship|Reunion|One Night Stand|Strong-Willed,en,1,,
67b7a7c15cdc9f437b0fbf91,200000000000000186,Love Me After My Death,12347158,81977,0,2025-02-21,"Caroline has just been diagnosed with cancer in Love Me After My Death movie. And told she only has three months to live when Stacy, her husband Eric's old flame, shows up with a six-year-old kid that she claims is Eric's Child. Eric goes on to repeatedly wrong Caroline, and as her cancer symptoms worsen and she slips into despair, she decides to divorce him. Only after their separation does Eric realize that he can't live without her, and he then finally learns of his ex-wife's cancer diagnosis",Female|Toxic Love|Modern|Love After Divorce|Love Triangle|All-Too-Late|Housewife,en,1,,
6523c9d6ec314c3c5528dac1,200000000000000019,"Marry Me, Mr. White",12225429,124554,0,2023-10-09,"Rachel finds herself without a groom on her wedding day, only to realize that her soon-to-be husband is in bed with her own cousin! Refusing to become the laughing stock of town, Rachel decides to continue on with the wedding, there's just one little thing she needs to do… find a new groom!",Love After Marriage|Friends to Lovers|Contract Lovers|Billionaire|Independent Woman|Contemporary|Sweet|Female,en,1,,
635a3436503d9c47e1014621,200000000000000001,Son in Law's Revenge,12040224,149294,0,2022-10-27,"After being mistreated by his wife’s family for years, Leo discovers that he is the heir to a vast fortune. Now it’s time — for revenge!",Revenge|Son-in-Law|Hidden Identity|Contemporary|Rags to Riches|Male|John Machesky|Julia Lynn Clarke,en,1,,
663059ca636ca227b404f929,200000000000000068,The Little Witch,11074818,118804,0,2024-04-30,"Freya is kidnapped by a coven of witches, hidden away in a tower like Rapunzel, waiting for the day her magic awakens. The evil witche's plan is thwarted when a brave witch hunter saves Freya and runs away with her. Now Freya must navigate a modern world that she's never lived in before, and learn the true meaning of love and sacrifice.",Fated Lovers|Hidden Identity|Tear-Jerker|Super Warrior|Innocent Damsel,en,1,,
68ad71a3071da44c3a0119d4,200000000000000323,The Fashion Queen Returns,10553670,86772,0,2025-08-26,"In The Fashion Queen Returns movie, once the Queen of the Red Carpet, Eve Corbelle is content with her new life as a housewife--until a sudden betrayal brings her back to the center of her fashion empire at the Grand Maple Gala.",Strong Heroine,en,1,,
65586eb88bbad5189e09bb8c,200000000000000030,Cross My Heart and Hope to Die,10087213,147435,0,2023-11-18,"In search of the truth behind her sister’s death, Zoe Hale marries billionaire Ashton Cross, whom she suspects to be the killer. However, as she gets to know him better, she discovers truth more twisted, and love more powerful than she could’ve ever imagined.",Revenge|Contract Lovers|Mystery|Billionaire|Independent Woman|Contemporary|Strong Heroine|Female|Samantha Binkerd|Rob Touhey,en,1,,
6825b0364baea997900af476,200000000000000248,I Am Bloody Mary,9297120,109306,0,2025-05-15,"In I Am Bloody Mary movie, Mare and her fiancé Nick may not have much money, but they have love. As a foster kid with no family of her own, Mare dreams of a wedding with Nick’s family by their side, but Nick is secretive about his estranged relatives. Then, unexpectedly, his mother arrives, warmly inviting Mare into the wealthy and mysterious Thornwood family. She even offers to host the wedding at their grand estate. But the morning of the ceremony, a horrifying discovery shatters Mare's dream,",Female|Strong Heroine|Modern|Hidden Identity|Secret|Strong-Willed,en,1,,
6825b41bf2eb39f1c50606bb,200000000000000266,Mother Warrior Unleashed,9158077,92770,0,2025-05-15,"In Mother Warrior Unleashed movie, when her teenage daughter is grabbed by sex traffickers, the legendary warrior, Navy SEAL Lieutenant Phoenix Ryan, abandons her life of anonymity as a small town diner owner to rescue her daughter and destroy the Navarro Cartel that has taken her.",Strong Heroine,en,1,,
66b2b487ea4de503bc09ef21,200000000000000089,My Billionaire Husband Left Me for Him？,8848296,76491,0,2024-08-07,"Joyce wants to divorce her husband Henry because he can't get hard, but Henry won't let her leave their sexless marriage. His inheritance is at stake, as his parents demand an heir before deciding whether to give their business and fortune to him or his brother. Henry is convinced Joyce married him for money, not love. Joyce is determined to prove him wrong, but then her mother is diagnosed with cancer, and they desperately need money...",Female|Strong Heroine|Contemporary|Love After Divorce|Feel-Good|Taboo,en,1,,
69362dca0f1ca1629406d3d7,200000000000002482,Understated Guardian King,6763127,102950,0,2025-12-08,"""Retired special forces soldier Cole Slade—codename “Reaper”—goes into hiding as a security guard to fulfill his fallen comrade Alexander’s last wish: protect his younger sister, Victoria. On Victoria’s wedding day, the groom runs away, the guests vanish, and a carefully planned corporate conspiracy comes to light. When the proud Victoria forces Cole into a fake marriage, they’re pushed into an uneasy alliance against their sworn enemy, Tristan—an ambitious man set on taking over the Kingsley fa",Comeback Story,en,1,,
6825b32759426343470c833f,200000000000000257,The Adjuster,5858261,82793,0,2025-05-15,"In The Adjuster movie, after his sister dies due to losing health coverage, Matteo Leone, a broken man, takes justice into his own hands by killing the insurance company CEO. But he isn't just out for revenge, he has a bigger goal: Expose corrupt health insurance companies for preying on their most vulnerable customers. Matteo stays one step ahead of the police, leaving a trail of clues to send his message, soon becoming a hero to the people the evil CEO's thought they could silence.",Male|Revenge|Modern|Protective Husband|Doctor,en,1,,
68e9aa284838ef5d700ef20a,200000000000000355,We're Your Parents,4594812,96714,0,2025-10-11,A college freshman comes home for her family's legendary Thanksgiving feast and starts to suspect there's something very wrong with her parents.,Suspense,en,1,,
69377d8c7fce15132e076e63,200000000000002242,Monster in His Eyes,287793,37555,0,2025-12-09,"Based on the book MONSTER IN HIS EYES by J.M. Darhower! Karissa Reed, 19, is trapped by her controlling mother and abusive ex, Tommy, but her world shifts when Naz Conti, a dangerous ex-con mafia boss, rescues her. Drawn to his danger, she challenges him to let her be his, with every kiss and daring move, risking everything for desire, curiosity, and forbidden love. Can she survive his world, and dare to love the man everyone warns her to fear?",Erotica,en,1,,
693b8f146a2054699d00944d,200000000000002542,Reborn for the Lycan King,276216,35528,0,2025-12-12,"Reborn after her stepsister’s deadly betrayal, Diana shoots an arrow to choose her mate. It lands on Alexander, the hidden Lycan King. But with Ivy still plotting and her bond with Alex unclear, Diana must fight to change her fate—before it’s too late.",Strong Heroine,en,1,,
