book_id,t_book_id,book_title,lang,book_source,country,tags,判定A_日本オリジナルタグ,判定B_t_book_id_14000,判定C_lang_ja,判定D_国タグ日本,タグで日本オリジナル,ID形式で日本向け,日本語版,撮影地が日本
6901b1f0e12f46f83f05026d,140000000000000355,おかえりパパとママだよ,ja,1,アメリカ合衆国,サスペンス,○,○,○,×,True,True,True,False
6854d0b61cc7f0fc460aa3a1,140000000000000272,人を呪わば穴二つ,ja,1,アメリカ合衆国,女性向けのドラマ|ドラマ|復讐|浮気|隣人|家庭主婦,○,○,○,×,True,True,True,False
684a3c59bf0dba6aa601c07a,140000000000000257,調停者,ja,1,アメリカ合衆国,男向けのドラマ|復讐|モダン|守る夫|医者,○,○,○,×,True,True,True,False
686f5afe374f7f776f0f5956,140000000000000279,空飛ぶ修羅場,ja,1,アメリカ合衆国,復讐,○,○,○,×,True,True,True,False
68d2060f4d6ba943670b0645,140000000000000334,偽りのルナと運命のつがい,ja,1,アメリカ合衆国,復讐,○,○,○,×,True,True,True,False
683fc14255a5ba21da0e3257,140000000000000248,血塗られた花嫁 ～ 愛は狂気に染まる～,ja,1,アメリカ合衆国,女性向けのドラマ|悪女ヒロイン|モダン|身分を隠せ|秘密|ストロングウィル,○,○,○,×,True,True,True,False
683555d81e10c5078109db7f,140000000000000238,私を捨てた消防士が今や大富豪！？,ja,1,アメリカ合衆国,女性向けのドラマ|二度目のチャンス|モダン|三角関係|復讐|再会|相続人/社会人|インディペンデント・ウーマン,○,○,○,×,True,True,True,False
6891d5baab41bb6d890f74c6,140000000000000298,お前は天才外科医を解雇した,ja,1,アメリカ合衆国,カムバックストーリー,○,○,○,×,True,True,True,False
67b29b077d337cf4930211f0,140000000000000176,偽装結婚は恋の始まり,ja,1,アメリカ合衆国,女性向けのドラマ|悪女ヒロイン|モダン|身分を隠せ|とぼける|タブー|億万長者|インディペンデント・ウーマン,○,○,○,×,True,True,True,False
67d783bf58f79dd7d108992c,140000000000000186,切ない愛を終らせて,ja,1,アメリカ合衆国,女性向けのドラマ|中毒性がある恋愛|モダン|離婚後の愛|三角関係|あまりに遅すぎる|家庭主婦,○,○,○,×,True,True,True,False
67ea30c546ee7e7ada061311,140000000000000198,サレ夫の逆襲,ja,1,アメリカ合衆国,男向けのドラマ|カムバックストーリー|モダン|多重アイデンティティ|離婚後の愛|人違い|ロイヤル/貴族|元帥/将軍,○,○,○,×,True,True,True,False
68d6173ecea0f35b1009516b,140000000000000337,出生時にすり替えられた令嬢？,ja,1,アメリカ合衆国,復讐,○,○,○,×,True,True,True,False
665e400dd9de5760ea05e1be,140000000000000016,さようなら、私のCEO,ja,1,アメリカ合衆国,タブー|お涙ちょうだい|オフィスラブ|億万長者|無邪気な乙女|コンテンポラリー|トキシック|女性向けのドラマ|Maryana Dvorska|Kasey Esser,○,○,○,×,True,True,True,False
67847aee5c7f2734a10bb3a6,140000000000000157,嘘の恋人 〜週末限定ラブゲーム〜,ja,1,アメリカ合衆国,女性向けのドラマ|二度目のチャンス|モダン|偽りの恋人|再会|ワンナイトラブ|ストロングウィル,○,○,○,×,True,True,True,False
669a07a8f6e32dc509077727,140000000000000036,また愛し合える日が来る,ja,1,アメリカ合衆国,復讐|二度目のチャンス|お涙ちょうだい|億万長者|インディペンデント・ウーマン|コンテンポラリー|スイート|女性向けのドラマ|Alena Savostikova|Seth Edeen,○,○,○,×,True,True,True,False
6697b5895ec386c1bf0932c5,140000200000000001,元彼のお父さんとの子供を妊娠,ja,1,アメリカ合衆国,妊娠|医療ドラマ|年齢差|タブー|禁じられた|女性向けのドラマ|スイート|コンテンポラリー,○,×,○,×,True,False,True,False
67e0c6621e8d3e9fec0220ef,140000000000000185,二度目の初恋,ja,1,アメリカ合衆国,女性向けのドラマ|甘いロマンス|モダン|偽りの恋人|契約の恋人|学園ハンサム|医者,○,○,○,×,True,True,True,False
67ea0b242f4d01a1f404c2d7,140000000000000199,相続者の華麗なる帰還,ja,1,アメリカ合衆国,男向けのドラマ|カムバックストーリー|モダン|身分を隠せ|とぼける|ロイヤル/貴族|ストロングウィル,○,○,○,×,True,True,True,False
681d6b64ac0e0dc6070023f0,140000000000000225,お兄ちゃんの親友と恋しちゃダメですか？,ja,1,アメリカ合衆国,女性向けのドラマ|ヤングアダルト|モダン|初恋|学園ロマンス|年齢差|幼馴染みの恋人|学生,○,○,○,×,True,True,True,False
68ae5c47491efec5de075cac,140000000000000315,裏切りと変身～お嬢様をナメるな！~,ja,1,アメリカ合衆国,ヤングアダルト,○,○,○,×,True,True,True,False
68be3a3da32ea7a05705bebd,140000000000000323,ファッション女王の帰還,ja,1,,悪女ヒロイン,○,○,○,×,True,True,True,False
683fc11cd058c8ed04037e48,140000000000000247,嫌いだった、あの夏の人,ja,1,アメリカ合衆国,女性向けのドラマ|ヤングアダルト|モダン|敵から恋人へ|隠された気持ち|初恋|運動選手,○,○,○,×,True,True,True,False
685e0488f50af212e70d471c,140000000000000266,マザー・リベンジ 怒れる戦士の逆襲,ja,1,アメリカ合衆国,悪女ヒロイン,○,○,○,×,True,True,True,False
665e319689ff5605bd06cf6b,140000000000000005,昏睡の夫と妻、 500万ドルの約束と命を賭けた愛,ja,1,アメリカ合衆国,結婚後の恋愛|契約の恋人|復讐|億万長者|無邪気な乙女|コンテンポラリー|スイート|女性向けのドラマ|Samantha Drews|Roman Chsherbakov,○,○,○,×,True,True,True,False
665e381412ba0b4dd40fa20b,140000000000000008,秘密の億万長者の子供と離婚するな,ja,1,アメリカ合衆国,離婚後の愛|三角関係|身分を隠せ|億万長者|相続人/社会人|コンテンポラリー|悪女ヒロイン|女性向けのドラマ|John William DiCaro|Freddy Piazza|Candace Mizga,○,○,○,×,True,True,True,False
67ea0b434d172962ba0bc029,140000000000000200,私と継母の戦争,ja,1,アメリカ合衆国,女性向けのドラマ|悪女ヒロイン|モダン|人違い|浮気|復讐|相続人/社会人|聖なる親族,○,○,○,×,True,True,True,False
68085ab75a1ca0470205e2dc,140000000000000216,逃げた花婿,ja,1,アメリカ合衆国,女性向けのドラマ|スイート|モダン|結婚後の恋愛|契約の恋人|守る夫|ストロングウィル,○,○,○,×,True,True,True,False
68197378ff3b4b3d760352f8,140000000000000227,初恋のクォーターバック,ja,1,アメリカ合衆国,女性向けのドラマ|甘いロマンス|モダン|学園ロマンス|再会|運命の恋人|運動選手|学生,○,○,○,×,True,True,True,False
68d61721090aaf7c6204f75f,140000000000000332,スターの夫をやめた日,ja,1,アメリカ合衆国,家族ドラマ,○,○,○,×,True,True,True,False
68fb5b527f3574da960ac057,140000000000000348,うちのパパ、ホームレスで大富豪！？,ja,1,アメリカ合衆国,甘いロマンス,○,○,○,×,True,True,True,False
673f0df3d136ee38300bfab3,140000000000000123,裏切りと正義～夫への復讐～,ja,1,アメリカ合衆国,女性向けのドラマ|家族ドラマ|コンテンポラリー|復讐|お涙ちょうだい|済度|インディペンデント・ウーマン,○,○,○,×,True,True,True,False
67d783ef7a49169f06032a4a,140000000000000194,離婚後、私は億万長者の令嬢になりました,ja,1,アメリカ合衆国,女性向けのドラマ|悪女ヒロイン|モダン|身分を隠せ|ビジネス|浮気|億万長者|相続人/社会人,○,○,○,×,True,True,True,False
67e0c68111276a4cd60a758f,140000000000000195,億万長者に溺愛されて困ってます,ja,1,アメリカ合衆国,女性向けのドラマ|甘いロマンス|モダン|偽りの恋人|三角関係|浮気|億万長者|学生,○,○,○,×,True,True,True,False
680065d17b46cf427c03fa02,140000000000000205,元カレの父に恋してしまった,ja,1,アメリカ合衆国,女性向けのドラマ|モダン|年齢差|タブー|億万長者|無邪気な乙女|イケオジ/ディルフ,○,○,○,×,True,True,True,False
682c1f68ecb0d7ca860905d8,140000000000000230,オフィスで始まる恋の駆け引き,ja,1,アメリカ合衆国,女性向けのドラマ|甘いロマンス|モダン|オフィスラブ|再会,○,○,○,×,True,True,True,False
68be39a5003483579d0f9450,140000000000000320,逆転オーナー,ja,1,アメリカ合衆国,立身出世,○,○,○,×,True,True,True,False
69421d3aa16cee9b6f0db489,140000000000002482,静かなるガーディアン,ja,1,アメリカ合衆国,カムバックストーリー,○,○,○,×,True,True,True,False
679733dcc433ee9b23087d65,140000000000000171,恋はフルスロットル,ja,1,アメリカ合衆国,女性向けのドラマ|スイート|コンテンポラリー|スピード婚|身分を隠せ|結婚後の恋愛|無邪気な乙女|億万長者,○,○,○,×,True,True,True,False
68006607e3de3d92f00fa18a,140000000000000211,愛のすれ違い 〜7年後の再会〜,ja,1,アメリカ合衆国,女性向けのドラマ|二度目のチャンス|モダン|再会|三角関係|億万長者,○,○,○,×,True,True,True,False
6805f017bb1ea9eaed08ae8f,140000000000000208,悪魔に囚われた花嫁,ja,1,アメリカ合衆国,女性向けのドラマ|中毒性がある恋愛|マフィア|敵から恋人へ|復讐|愛憎,○,○,○,×,True,True,True,False
683555e93faf19070b02fc9c,140000000000000239,欲望に呑まれた夜の行方,ja,1,アメリカ合衆国,女性向けのドラマ|官能小説|モダン|友達から恋人へ|隠された気持ち|三角関係|相続人/社会人,○,○,○,×,True,True,True,False
67d783d5af1655c2a60892af,140000000000000189,お父さんの友人に恋して,ja,1,アメリカ合衆国,女性向けのドラマ|モダン|年齢差|タブー|幼馴染みの恋人|イケオジ/ディルフ|Julia Lynn Clarke,○,○,○,×,True,True,True,False
6842619a92432df6a30b4f56,140000000000000258,薔薇は棘を隠す,ja,1,アメリカ合衆国,女性向けのドラマ|悪女ヒロイン|ファンタジー|身分を隠せ|復讐|スピード婚|ロイヤル/貴族,○,○,○,×,True,True,True,False
68c8c9cd8e1f660f9f0e50c0,140000000000000318,お嬢様には手を出すな,ja,1,アメリカ合衆国,ヤングアダルト,○,○,○,×,True,True,True,False
68c8c9e52ca71adaa90d321a,140000000000000328,家無し少女と大富豪,ja,1,アメリカ合衆国,甘いロマンス,○,○,○,×,True,True,True,False
66c2b1f7629adead4c0d1fc3,140000000000000089,億万長者の夫と愛なき結婚、別れが去った,ja,1,イギリス,女性向けのドラマ|悪女ヒロイン|コンテンポラリー|離婚後の愛|フィール・グッド|タブー,○,○,○,×,True,True,True,False
678a202609669df8c00d2713,140000000000000162,クビになった後、 敵社で逆襲を誓う,ja,1,アメリカ合衆国,男向けのドラマ|カムバックストーリー|コンテンポラリー|身分を隠せ|とぼける|ビジネス,○,○,○,×,True,True,True,False
6823f978162b401cd40bcad1,140000000000000244,別れの賭け、5年後に,ja,1,アメリカ合衆国,女性向けのドラマ|二度目のチャンス|モダン|再会|三角関係|億万長者,○,○,○,×,True,True,True,False
6891d57510c59713c307ea50,140000000000000296,クチュールの女王は黙らない,ja,1,アメリカ合衆国,悪女ヒロイン,○,○,○,×,True,True,True,False
68d204f8e247d35df0030a34,140000000000000330,間違えられた番：ルナの後悔,ja,1,アメリカ合衆国,家族ドラマ,○,○,○,×,True,True,True,False
68d39741bad1adc73a03b6e5,140000000000000329,あなただけ知らない私たちの子,ja,1,アメリカ合衆国,甘いロマンス,○,○,○,×,True,True,True,False
66a0749ac9afd408a10ecabe,140000000000000011,禁断のアルファとの運命,ja,1,アメリカ合衆国,運命の恋人|ファンタジー|身分を隠せ|狼男|スイート|女性向けのドラマ|Autumn Noel|無邪気な乙女|Kasey Esser|John William DiCaro,○,○,○,×,True,True,True,False
6698e7d61fcec9e028016cde,140000000000000045,夫の二重生活〜 億万長者の正体を暴く！〜,ja,1,アメリカ合衆国,結婚後の恋愛|身分を隠せ|守る夫|億万長者|コンテンポラリー|スイート|女性向けのドラマ|無邪気な乙女,○,○,○,×,True,True,True,False
67a2ccccb426b10bd2025d08,140000000000000166,友達から恋人に,ja,1,アメリカ合衆国,女性向けのドラマ|スイート|コンテンポラリー|スピード婚|身分を隠せ|結婚後の恋愛|億万長者|無邪気な乙女,○,○,○,×,True,True,True,False
6823f925678252fdb0047488,140000000000000222,親友の兄には絶対恋しちゃダメなのに,ja,1,アメリカ合衆国,女性向けのドラマ|ヤングアダルト|モダン|人違い|ワンナイトラブ|強烈な性的緊張|学生,○,○,○,×,True,True,True,False
68634c72c214cb588806ff9d,140000000000000269,ワスレナグサの君,ja,1,アメリカ合衆国,中毒性がある恋愛,○,○,○,×,True,True,True,False
6925593705bef17390057d66,140000000000002251,映画スターの落とし方,ja,1,アメリカ合衆国,甘いロマンス,○,○,○,×,True,True,True,False
692e52a9650e96242c087265,140000000000002394,別れから始まる恋のおとぎ話,ja,1,,悪女ヒロイン,○,○,○,×,True,True,True,False
67bc1a83b9b7d4768e0f984f,140000000000000169,思わぬ運命の出会い,ja,1,アメリカ合衆国,女性向けのドラマ|甘いロマンス|コンテンポラリー|敵から恋人へ|人違い|ラブコメ|インディペンデント・ウーマン,○,○,○,×,True,True,True,False
67c548fa7a9797ef7d052515,140000000000000187,炎の中で出会った運命の人,ja,1,アメリカ合衆国,女性向けのドラマ|甘いロマンス|モダン|スピード婚|身分を隠せ|億万長者|インディペンデント・ウーマン,○,○,○,×,True,True,True,False
67fe1a3f236e571ba20f4415,140000000000000193,電撃結婚！妻は天才ハッカー！？,ja,1,アメリカ合衆国,女性向けのドラマ|トキシック|モダン|スピード婚|身分を隠せ|インディペンデント・ウーマン,○,○,○,×,True,True,True,False
6836b7aef87c3e88af08a317,140000000000000245,アイスホッケーの王子様との別れ方,ja,1,アメリカ合衆国,女性向けのドラマ|悪女ヒロイン|モダン|身分を隠せ|三角関係|インディペンデント・ウーマン|運動選手,○,○,○,×,True,True,True,False
686b665925c7d440c10864fc,140000000000000265,偽りの契約から真実の愛,ja,1,アメリカ合衆国,甘いロマンス,○,○,○,×,True,True,True,False
686b6674b9c494d2230aa39d,140000000000000278,悲しみはどこまでも,ja,1,アメリカ合衆国,家族ドラマ,○,○,○,×,True,True,True,False
68c8c93c37762610fd000639,140000000000000327,氷上のアルファと惹かれ合う,ja,1,アメリカ合衆国,ダークロマンス,○,○,○,×,True,True,True,False
68ca161dfa30bb8169087fc9,140000000000000333,私の冷血父親がマフィアボス,ja,1,,甘いロマンス,○,○,○,×,True,True,True,False
68fb5b144e77db12af061999,140000000000000352,令嬢は嘘をつかない,ja,1,アメリカ合衆国,家族ドラマ,○,○,○,×,True,True,True,False
691c0c4b0371913d040a777f,140000000000002210,反逆狼と禁じられた運命,ja,1,アメリカ合衆国,甘いロマンス,○,○,○,×,True,True,True,False
6936363d3957871e2b03aeb7,140000000000000378,あなたが忘れても私は覚えている,ja,1,アメリカ合衆国,二度目のチャンス,○,○,○,×,True,True,True,False
67108131fce9cf2f04089e13,140000000000000108,マフィアの夫の帰還,ja,1,アメリカ合衆国,男向けのドラマ|カムバックストーリー|マフィア|フィール・グッド|身分を隠せ|守る夫|犯罪組織の親玉,○,○,○,×,True,True,True,False
6791a53ee87cd3f0b401b270,140000000000000158,愛と裏切り ～夫の代償～,ja,1,アメリカ合衆国,女性向けのドラマ|家族ドラマ|コンテンポラリー|あまりに遅すぎる|復讐|お涙ちょうだい|ストロングウィル|外科医,○,○,○,×,True,True,True,False
67c548d2d6b8e75bf00e11a8,140000000000000183,見知らぬ夫に 再び恋に落ちる,ja,1,アメリカ合衆国,女性向けのドラマ|二度目のチャンス|モダン|結婚後の恋愛|人違い|億万長者|インディペンデント・ウーマン,○,○,○,×,True,True,True,False
6805f049115241b2cf0366e8,140000000000000215,黄金の鍵を握った庭師,ja,1,アメリカ合衆国,男向けのドラマ|カムバックストーリー|人違い|復讐|犯罪組織の親玉|店員,○,○,○,×,True,True,True,False
682c1f999aea292b7d0cd0ea,140000000000000231,イケメン義兄と、秘密の同居生活,ja,1,アメリカ合衆国,女性向けのドラマ|ヤングアダルト|モダン|義理の兄弟姉妹|済度|学園ロマンス|学生|学園ハンサム,○,○,○,×,True,True,True,False
6836b7d05bff06fba908bd38,140000000000000246,CEO女王の帰還,ja,1,アメリカ合衆国,女性向けのドラマ|悪女ヒロイン|モダン|身分を隠せ|復讐|億万長者,○,○,○,×,True,True,True,False
68d20563edf71eba4705e1d8,140000000000000335,失われた令嬢の逆襲,ja,1,アメリカ合衆国,ヤングアダルト,○,○,○,×,True,True,True,False
67a99346e6c45fb0700c74d4,140000000000000167,運命のように君に落ちる,ja,1,アメリカ合衆国,女性向けのドラマ|スイート|コンテンポラリー|身分を隠せ|結婚後の恋愛|スピード婚|億万長者|ストロングウィル,○,○,○,×,True,True,True,False
67b29ae75855d9bbce0d0b2b,140000000000000177,令嬢とボディーガード,ja,1,アメリカ合衆国,女性向けのドラマ|甘いロマンス|モダン|敵から恋人へ|再会|年齢差|タブー,○,○,○,×,True,True,True,False
67f3440b2dc8c4880a0c4a26,140000000000000192,呪われたアルファの沈黙の花嫁,ja,1,アメリカ合衆国,女性向けのドラマ|甘いロマンス|ファンタジー|運命の恋人|狼男|モブキャラ|無邪気な乙女,○,○,○,×,True,True,True,False
6805ef2510b12097a805a9d0,140000000000000214,偽りの婚約～失われた娘を探して～,ja,1,アメリカ合衆国,女性向けのドラマ|悪女ヒロイン|モダン|天才ベビー|年齢差|偽りの恋人|インディペンデント・ウーマン,○,○,○,×,True,True,True,False
6847a22f2333dba5790bbd95,140000000000000254,院内恋愛の手引書,ja,1,アメリカ合衆国,女性向けのドラマ|甘いロマンス|モダン|年齢差|タブー|ワンナイトラブ,○,○,○,×,True,True,True,False
684a3b2d2efda0672f0fc1ae,140000000000000260,女王は泣かない,ja,1,アメリカ合衆国,女性向けのドラマ|悪女ヒロイン|モダン|家庭主婦|浮気|三角関係|天才ベビー,○,○,○,×,True,True,True,False
684a3b45ec8c6e2bea08f201,140000000000000256,禁断の教授と一夜の果てに,ja,1,アメリカ合衆国,女性向けのドラマ|甘いロマンス|モダン|年齢差|タブー|ワンナイトラブ|学生,○,○,○,×,True,True,True,False
6854d016c1a594aac4051304,140000000000000261,マフィア王の秘密,ja,1,アメリカ合衆国,官能小説,○,○,○,×,True,True,True,False
6865ea9b646f994bf80df0e8,140000000000000276,ホームレスの夫と出会うまで,ja,1,アメリカ合衆国,甘いロマンス,○,○,○,×,True,True,True,False
686f5bc3436e74281e0570e3,140000000000000268,私が消えても探さないで,ja,1,アメリカ合衆国,家族ドラマ,○,○,○,×,True,True,True,False
689c37d908c8421f9b0287b6,140000000000000295,女王と母とルール,ja,1,,悪女ヒロイン,○,○,○,×,True,True,True,False
68ae5c9b8a154901600630ad,140000000000000310,独身大富豪の子供を妊娠,ja,1,アメリカ合衆国,甘いロマンス,○,○,○,×,True,True,True,False
68f6f7b8794cc55960091d51,140000000000000346,妻に裏切られた後、俺の新生！,ja,1,アメリカ合衆国,立身出世,○,○,○,×,True,True,True,False
69312ca9f4595c76860d8989,140000000000002395,元カレの義父を惑わして,ja,1,アメリカ合衆国,甘いロマンス,○,○,○,×,True,True,True,False
6932812bc9016563a801de80,140000000000002396,アメリカン・スナイパー：最後の一弾,ja,1,アメリカ合衆国,カムバックストーリー,○,○,○,×,True,True,True,False
675aa12ebd7b6cfdea03e948,140000000000000144,イケメンプレイボーイ、 突然パパになった!?,ja,1,アメリカ合衆国,女性向けのドラマ|ヤングアダルト|キャンパス|妊娠|ワンナイトラブ|偽りの恋人|学園ハンサム|ストロングウィル,○,○,○,×,True,True,True,False
67e0c64411276a4cd60a756f,140000000000000197,地味な清掃員実はCEO！？,ja,1,アメリカ合衆国,女性向けのドラマ|悪女ヒロイン|モダン|敵から恋人へ|身分を隠せ|初恋|相続人/社会人|億万長者,○,○,○,×,True,True,True,False
680eea7e9107472fd50e3dd2,140000000000000212,ボスの赤ちゃんを妊娠しました！？,ja,1,アメリカ合衆国,女性向けのドラマ|甘いロマンス|モダン|オフィスラブ|妊娠|身分を隠せ|三角関係,○,○,○,×,True,True,True,False
680eee8833811101e60d4487,140000000000000217,愛人と勘違いされた母,ja,1,アジア,女性向けのドラマ|悪女ヒロイン|モダン|人違い|とぼける|億万長者|インディペンデント・ウーマン,○,○,○,×,True,True,True,False
680eeea3b8f70328f80b6ce0,140000000000000218,愛のスピード違反 〜義兄との秘密の夜〜,ja,1,アメリカ合衆国,女性向けのドラマ|甘いロマンス|モダン|義理の兄弟姉妹|ダンサー|タブー|禁じられた,○,○,○,×,True,True,True,False
681d6bcc5de50814b60eaca2,140000000000000226,処女の代理母、相手は億万長者,ja,1,アメリカ合衆国,女性向けのドラマ|甘いロマンス|モダン|三角関係|学生|億万長者,○,○,○,×,True,True,True,False
6854d03628e76fc26100a6c3,140000000000000262,名を隠した公爵の復讐,ja,1,ヨーロッパ,家族ドラマ,○,○,○,×,True,True,True,False
6882ed3d7084837028003057,140000000000000288,隠れたイーグル,ja,1,アメリカ合衆国,カムバックストーリー,○,○,○,×,True,True,True,False
68a808bc91fd992e62026605,140000000000000302,元嫁が天才外科医な件,ja,1,アメリカ合衆国,悪女ヒロイン,○,○,○,×,True,True,True,False
